-- MySQL dump 10.14  Distrib 5.5.56-MariaDB, for Linux (x86_64)
--
-- Host: localhost    Database: demo
-- ------------------------------------------------------
-- Server version	5.5.56-MariaDB

/*!40101 SET @OLD_CHARACTER_SET_CLIENT=@@CHARACTER_SET_CLIENT */;
/*!40101 SET @OLD_CHARACTER_SET_RESULTS=@@CHARACTER_SET_RESULTS */;
/*!40101 SET @OLD_COLLATION_CONNECTION=@@COLLATION_CONNECTION */;
/*!40101 SET NAMES utf8 */;
/*!40103 SET @OLD_TIME_ZONE=@@TIME_ZONE */;
/*!40103 SET TIME_ZONE='+00:00' */;
/*!40014 SET @OLD_UNIQUE_CHECKS=@@UNIQUE_CHECKS, UNIQUE_CHECKS=0 */;
/*!40014 SET @OLD_FOREIGN_KEY_CHECKS=@@FOREIGN_KEY_CHECKS, FOREIGN_KEY_CHECKS=0 */;
/*!40101 SET @OLD_SQL_MODE=@@SQL_MODE, SQL_MODE='NO_AUTO_VALUE_ON_ZERO' */;
/*!40111 SET @OLD_SQL_NOTES=@@SQL_NOTES, SQL_NOTES=0 */;

--
-- Table structure for table `audience`
--

DROP TABLE IF EXISTS `audience`;
/*!40101 SET @saved_cs_client     = @@character_set_client */;
/*!40101 SET character_set_client = utf8 */;
CREATE TABLE `audience` (
  `ID` int(11) NOT NULL AUTO_INCREMENT,
  `name` varchar(255) NOT NULL,
  `num` varchar(255) NOT NULL,
  `corps_id` int(11) NOT NULL,
  PRIMARY KEY (`ID`),
  KEY `corps_id` (`corps_id`),
  CONSTRAINT `table_relation_ar1` FOREIGN KEY (`corps_id`) REFERENCES `corps` (`ID`)
) ENGINE=InnoDB AUTO_INCREMENT=57 DEFAULT CHARSET=utf8;
/*!40101 SET character_set_client = @saved_cs_client */;

--
-- Dumping data for table `audience`
--

LOCK TABLES `audience` WRITE;
/*!40000 ALTER TABLE `audience` DISABLE KEYS */;
INSERT INTO `audience` VALUES (13,'кабінет будови і правил керування верстатами з ПК','101',9),(15,'кабінет інформаційних технологій','128',9),(16,'кабінет металообробки','М 201',10),(17,'111','111',11),(18,'актова зала','113',9),(19,'М 202','М 202',10),(20,'кабінет охорони праці','М 203',10),(21,'М 204','м 204',10),(22,'М 207','М 207',10),(23,'М 109','М 109',10),(24,'кабінет допусків, посадок та технічних вимірювань','114',9),(25,'кабінет підготовки операторів з обробки інформації та програмного забезпечення','122',9),(26,'майстерня в\'язальна','М 119',9),(27,'майстерня токарна; фрезерна; шліфувальна; заточувальна','М 106',10),(28,'майстерня слюсарна','М 107',10),(29,'майстерня операторів і налагоджувальників верстатів і маніпуляторів з ПК','М 109',10),(30,'майстерня штукатурно-малярних робіт','М 101',10),(31,'майстерня лицювальників плиточників','М 118',10),(32,'майстерня монтажу гіпсокартонних конструкцій','М 119',10),(33,'М 205','М 205',10),(34,'М 206','М 206',10),(35,'майстерня педикюрна','118',13),(36,'майстерня манікюрна','113',13),(37,'кабінет манікюрної та педикюрної справи, матеріалознавства, основ санітарії та гігієни','117',13),(38,'майстерня косметології','119',13),(39,'майстерня перукарська','112',13),(40,'кабінет перукарської справи, матеріалознавства, основ санітарії та гігієни','109',13),(41,'майстерня швейна (кравці)','205',13),(42,'майстерня швейна (швачки)','210',13),(43,'навчальний магазин','216-А',13),(44,'211','211',13),(45,'212','212',13),(46,'215','215',13),(47,'103','103',13),(48,'108','108',13),(50,'кухня-лабораторія','кухня-лабораторія',12),(51,'навчальний готель','навчальний готель',12),(52,'навчальна котельня','навчальна котельня',17),(53,'майстерня електрозварювальників ручного зварювання','108',10),(54,'кабінет спецтехнологій електрозварювальників ручної зварки','207',10),(55,'майстерня вирощування садівного матеріалу винограду','майстерня вирощування садівного матеріалу винограду',15),(56,'виробництво','виробництво',16);
/*!40000 ALTER TABLE `audience` ENABLE KEYS */;
UNLOCK TABLES;

--
-- Table structure for table `corps`
--

DROP TABLE IF EXISTS `corps`;
/*!40101 SET @saved_cs_client     = @@character_set_client */;
/*!40101 SET character_set_client = utf8 */;
CREATE TABLE `corps` (
  `ID` int(11) NOT NULL AUTO_INCREMENT,
  `corps_name` varchar(255) NOT NULL,
  `location` varchar(255) NOT NULL,
  PRIMARY KEY (`ID`),
  KEY `ID` (`ID`)
) ENGINE=InnoDB AUTO_INCREMENT=18 DEFAULT CHARSET=utf8;
/*!40101 SET character_set_client = @saved_cs_client */;

--
-- Dumping data for table `corps`
--

LOCK TABLES `corps` WRITE;
/*!40000 ALTER TABLE `corps` DISABLE KEYS */;
INSERT INTO `corps` VALUES (9,'адміністративно-навчальний корпус','м. Дергачи'),(10,'навчально-виробничі майстерні','м. Дергачи'),(11,'навчальний корпус, м. Дергачі','м. Дергачи'),(12,'навчально-готельний комплекс','м. Дергачи'),(13,'навчальний корпус, пров. Халтуріна','м. Харків, пров. Халтурина, 3'),(15,'навчально-фермерські майстерні','м. Дергачі'),(16,'виробництво','м. Харків'),(17,'котельня','м. Дергачі');
/*!40000 ALTER TABLE `corps` ENABLE KEYS */;
UNLOCK TABLES;

--
-- Table structure for table `count_lecture`
--

DROP TABLE IF EXISTS `count_lecture`;
/*!40101 SET @saved_cs_client     = @@character_set_client */;
/*!40101 SET character_set_client = utf8 */;
CREATE TABLE `count_lecture` (
  `id` int(11) NOT NULL AUTO_INCREMENT,
  `subject_id` int(11) NOT NULL,
  `group_id` int(11) NOT NULL,
  `count` int(11) NOT NULL,
  PRIMARY KEY (`id`),
  UNIQUE KEY `user_info_unique_index` (`subject_id`,`group_id`),
  KEY `subject_id` (`subject_id`),
  KEY `group_id` (`group_id`),
  CONSTRAINT `lecture_count_FK1` FOREIGN KEY (`subject_id`) REFERENCES `subjects` (`ID`),
  CONSTRAINT `lecture_count_FK2` FOREIGN KEY (`group_id`) REFERENCES `groups` (`ID`)
) ENGINE=InnoDB DEFAULT CHARSET=utf8;
/*!40101 SET character_set_client = @saved_cs_client */;

--
-- Dumping data for table `count_lecture`
--

LOCK TABLES `count_lecture` WRITE;
/*!40000 ALTER TABLE `count_lecture` DISABLE KEYS */;
/*!40000 ALTER TABLE `count_lecture` ENABLE KEYS */;
UNLOCK TABLES;

--
-- Table structure for table `courses`
--

DROP TABLE IF EXISTS `courses`;
/*!40101 SET @saved_cs_client     = @@character_set_client */;
/*!40101 SET character_set_client = utf8 */;
CREATE TABLE `courses` (
  `ID` int(11) NOT NULL AUTO_INCREMENT,
  `name` varchar(255) NOT NULL,
  PRIMARY KEY (`ID`)
) ENGINE=InnoDB AUTO_INCREMENT=209 DEFAULT CHARSET=utf8;
/*!40101 SET character_set_client = @saved_cs_client */;

--
-- Dumping data for table `courses`
--

LOCK TABLES `courses` WRITE;
/*!40000 ALTER TABLE `courses` DISABLE KEYS */;
INSERT INTO `courses` VALUES (170,'8262 В’язальник трикотажних виробів та полотна'),(171,'7433 Кравець'),(173,'7436 Швачка'),(174,'5141 Манікюрник'),(175,'5141 Педикюрник'),(176,'8211 Фрезерувальник'),(177,'8211 Токар'),(178,'8211 Верстатник широкого профілю'),(179,'8211 Оператор верстатів з програмним керуванням'),(180,'7223 Налагоджувальник верстатів і маніпуляторів з програмним керуванням'),(181,'6112 Виноградар (2 розряд)'),(182,'5122 Кухар'),(183,'7133 Штукатур'),(184,'7132 Лицювальник-плиточник'),(185,'7141 Маляр'),(186,'7129 Монтажник гіпсокартонних конструкцій'),(187,'7233 Слюсар-ремонтник'),(188,'8162 Оператор котельні'),(191,'5141 Перукар (перукар-модельєр)'),(194,'5141 Манікюрник; Педикюрник'),(195,'5141 Косметик'),(196,'4211 Касир торговельного залу'),(197,'4113 Оператор з обробки інформації та програмного забезпечення'),(198,'4222 Адміністратор (новий ДСПТО модулі)'),(199,'5142 Покоївка'),(203,'Основи бухгалтерського обліку'),(204,'Стратегічне планування і розвиток приватного підприємництва'),(206,'7222 Заточувальник'),(207,'4222 Адміністратор (старий ДСПТО БЕЗ модулей)'),(208,'7212 Електрозварник ручного зварювання ');
/*!40000 ALTER TABLE `courses` ENABLE KEYS */;
UNLOCK TABLES;

--
-- Table structure for table `degree`
--

DROP TABLE IF EXISTS `degree`;
/*!40101 SET @saved_cs_client     = @@character_set_client */;
/*!40101 SET character_set_client = utf8 */;
CREATE TABLE `degree` (
  `ID` int(11) NOT NULL AUTO_INCREMENT,
  `degree_name` varchar(255) NOT NULL,
  PRIMARY KEY (`ID`)
) ENGINE=InnoDB AUTO_INCREMENT=8 DEFAULT CHARSET=utf8;
/*!40101 SET character_set_client = @saved_cs_client */;

--
-- Dumping data for table `degree`
--

LOCK TABLES `degree` WRITE;
/*!40000 ALTER TABLE `degree` DISABLE KEYS */;
INSERT INTO `degree` VALUES (4,'кандидат наук'),(5,'доктор наук'),(7,'без ступеню');
/*!40000 ALTER TABLE `degree` ENABLE KEYS */;
UNLOCK TABLES;

--
-- Table structure for table `groups`
--

DROP TABLE IF EXISTS `groups`;
/*!40101 SET @saved_cs_client     = @@character_set_client */;
/*!40101 SET character_set_client = utf8 */;
CREATE TABLE `groups` (
  `ID` int(11) NOT NULL AUTO_INCREMENT,
  `name` varchar(255) NOT NULL,
  `course` int(11) NOT NULL,
  `curator` int(11) NOT NULL,
  `date_start` int(11) NOT NULL,
  `date_end` int(11) NOT NULL,
  `date_dka_1` int(11) NOT NULL,
  `date_dka_2` int(11) NOT NULL,
  PRIMARY KEY (`ID`),
  KEY `groups_FK1` (`curator`),
  KEY `groups_FK3` (`course`),
  CONSTRAINT `groups_FK1` FOREIGN KEY (`curator`) REFERENCES `user` (`id`),
  CONSTRAINT `groups_FK3` FOREIGN KEY (`course`) REFERENCES `courses` (`ID`)
) ENGINE=InnoDB AUTO_INCREMENT=55 DEFAULT CHARSET=utf8;
/*!40101 SET character_set_client = @saved_cs_client */;

--
-- Dumping data for table `groups`
--

LOCK TABLES `groups` WRITE;
/*!40000 ALTER TABLE `groups` DISABLE KEYS */;
INSERT INTO `groups` VALUES (9,'№24-ХЦ/18',191,36,1548972000,1609365600,1606341600,0),(28,'№20-ХЦ/18',171,24,1522616400,1521666000,0,0),(32,'№28-ХЦ/18',173,52,0,0,0,0),(33,'№6-ХЦ/18',194,11,1544130000,1547672400,0,0),(34,'№12-ХЦ/18',197,28,1540846800,1544302800,0,0),(35,'№22-ХЦ/18',198,30,0,0,0,0),(36,'№23-ХЦ/18',174,31,0,0,0,0),(37,'№34-ХЦ/18',195,57,1522702800,1528837200,0,0),(39,'№19-ХЦ-ІН/18',196,42,0,0,0,0),(48,'Test Group',187,11,1551304800,1551391200,1551564000,0),(50,' № 7-ХЦ/19 Слюсар-ремонтник',187,44,1551132000,1565298000,1565298000,0),(51,' №10-ХЦ/19 В\'язальник трикотажних виробів та полотна',170,45,1550700000,1564606800,1564606800,0),(52,'№11-ХЦ/19 Швачка',173,52,1551132000,1559509200,1559509200,0),(53,'№ 13-ХЦ/19 Електрозварник ручного зварювання ',208,34,1551391200,1565038800,1565038800,0),(54,'№8-ХЦ/19 Монтажник гіпсокартонних конструкцій',186,79,1549922400,1564693200,1564693200,0);
/*!40000 ALTER TABLE `groups` ENABLE KEYS */;
UNLOCK TABLES;

--
-- Table structure for table `lecture_table`
--

DROP TABLE IF EXISTS `lecture_table`;
/*!40101 SET @saved_cs_client     = @@character_set_client */;
/*!40101 SET character_set_client = utf8 */;
CREATE TABLE `lecture_table` (
  `ID` int(11) NOT NULL AUTO_INCREMENT,
  `time_start` varchar(255) NOT NULL,
  `time_stop` varchar(255) NOT NULL,
  `corps_id` int(11) NOT NULL,
  PRIMARY KEY (`ID`),
  KEY `corps_id` (`corps_id`),
  CONSTRAINT `table_relation_ltr1` FOREIGN KEY (`corps_id`) REFERENCES `corps` (`ID`)
) ENGINE=InnoDB AUTO_INCREMENT=70 DEFAULT CHARSET=utf8;
/*!40101 SET character_set_client = @saved_cs_client */;

--
-- Dumping data for table `lecture_table`
--

LOCK TABLES `lecture_table` WRITE;
/*!40000 ALTER TABLE `lecture_table` DISABLE KEYS */;
INSERT INTO `lecture_table` VALUES (13,'09:00','10:30',13),(39,'10:40','12:10',13),(41,'12:30','14:00',13),(42,'14:10','15:40',13),(43,'09:00','10:35',9),(44,'10:45','12:20',9),(45,'12:40','14:15',9),(46,'14:20','15:55',9),(47,'09:00','10:35',10),(48,'10:45','12:20',10),(49,'12:40','14:15',10),(50,'14:20','15:55',10),(51,'09:00','10:35',12),(52,'10:45','12:20',12),(55,'12:40','14:15',12),(56,'14:20','15:55',12),(58,'09:00','10:35',11),(59,'10:45','12:20',11),(60,'12:40','14:15',11),(61,'14:20','15:55',11),(62,'09:00','10:35',15),(63,'10:45','12:20',15),(64,'12:40','14:15',15),(65,'14:20','15:55',15),(66,'09:00','10:35',17),(67,'10:45','12:20',17),(68,'12:40','14:15',17),(69,'14:20','15:55',17);
/*!40000 ALTER TABLE `lecture_table` ENABLE KEYS */;
UNLOCK TABLES;

--
-- Table structure for table `lessons`
--

DROP TABLE IF EXISTS `lessons`;
/*!40101 SET @saved_cs_client     = @@character_set_client */;
/*!40101 SET character_set_client = utf8 */;
CREATE TABLE `lessons` (
  `ID` int(11) NOT NULL AUTO_INCREMENT,
  `course_id` int(11) NOT NULL,
  `subject_id` int(11) NOT NULL,
  `quantity` int(11) NOT NULL,
  PRIMARY KEY (`ID`)
) ENGINE=InnoDB AUTO_INCREMENT=437 DEFAULT CHARSET=utf8;
/*!40101 SET character_set_client = @saved_cs_client */;

--
-- Dumping data for table `lessons`
--

LOCK TABLES `lessons` WRITE;
/*!40000 ALTER TABLE `lessons` DISABLE KEYS */;
INSERT INTO `lessons` VALUES (82,191,33,10),(83,191,32,8),(84,191,31,8),(85,191,182,16),(86,191,122,109),(87,191,55,46),(88,191,124,30),(89,191,41,30),(90,191,30,30),(91,191,42,192),(92,191,121,256),(93,174,33,10),(94,174,32,17),(95,174,84,17),(96,174,85,8),(97,174,94,4),(98,174,30,15),(99,174,140,62),(100,174,38,10),(101,174,136,15),(102,174,137,18),(103,174,65,180),(104,174,121,104),(105,194,33,10),(106,194,32,17),(107,194,84,17),(108,194,85,8),(109,194,95,6),(110,194,27,15),(111,194,140,62),(112,194,134,62),(113,194,38,10),(114,194,136,15),(115,194,137,18),(116,194,65,180),(117,194,64,180),(118,194,121,208),(119,175,33,10),(120,175,32,17),(121,175,84,17),(122,175,87,8),(123,175,96,4),(124,175,30,15),(125,175,134,62),(126,175,58,10),(127,175,136,15),(128,175,137,18),(129,175,43,180),(130,175,121,104),(131,191,183,8),(132,194,183,16),(133,174,183,8),(134,175,183,8),(135,196,32,17),(136,196,84,17),(137,196,87,8),(138,196,33,17),(139,196,89,14),(140,196,116,11),(141,196,106,30),(142,196,27,30),(143,196,107,14),(144,196,108,48),(145,196,109,29),(146,196,110,78),(147,196,184,66),(148,196,121,192),(149,196,183,7),(150,195,33,13),(151,195,32,13),(152,195,84,13),(153,195,88,8),(154,195,94,6),(155,195,126,144),(156,195,127,13),(157,195,128,13),(158,195,129,13),(159,195,130,13),(160,195,131,26),(161,195,132,26),(162,195,59,26),(163,195,36,10),(164,195,31,10),(165,195,30,10),(166,195,43,150),(167,195,121,360),(168,195,183,8),(169,198,45,24),(170,198,84,34),(171,198,27,30),(172,198,148,42),(173,198,33,34),(174,198,149,24),(175,198,150,60),(176,198,151,10),(177,198,152,28),(178,198,153,12),(179,198,154,8),(180,198,155,8),(181,198,185,8),(182,198,63,270),(183,198,121,504),(184,198,183,7),(185,207,33,10),(186,207,32,17),(187,207,84,34),(188,207,85,8),(189,207,95,10),(190,207,186,51),(191,207,152,68),(192,207,187,34),(193,207,188,34),(194,207,189,42),(195,207,190,34),(196,207,154,34),(197,207,150,42),(198,207,27,30),(199,207,43,204),(200,207,121,168),(201,207,183,7),(202,199,84,10),(203,199,32,10),(204,199,33,10),(205,199,86,8),(206,199,117,7),(207,199,118,50),(208,199,119,20),(209,199,120,20),(210,199,27,30),(211,199,36,10),(212,199,68,60),(213,199,191,60),(214,199,121,104),(215,199,183,7),(216,197,192,6),(217,197,31,6),(218,197,30,30),(219,197,182,6),(220,197,36,6),(221,197,141,20),(222,197,147,10),(223,197,142,51),(224,197,143,230),(225,197,144,20),(226,197,145,63),(227,197,146,10),(228,197,78,390),(229,197,121,424),(230,197,183,8),(231,173,31,4),(232,173,32,4),(233,173,33,8),(234,173,30,20),(235,173,34,4),(236,173,35,6),(237,173,36,4),(238,173,37,46),(239,173,60,16),(240,173,39,24),(241,173,40,6),(242,173,41,4),(243,173,70,150),(244,173,121,160),(245,173,183,7),(246,171,45,10),(247,171,31,10),(248,171,30,30),(249,171,40,24),(250,171,33,24),(251,171,149,10),(252,171,35,20),(253,171,36,18),(254,171,82,130),(255,171,38,50),(256,171,39,50),(257,171,193,38),(258,171,83,110),(259,171,80,378),(260,171,121,504),(261,171,183,7),(262,182,33,17),(263,182,84,17),(264,182,88,8),(265,182,32,17),(266,182,96,4),(267,182,91,6),(268,182,99,102),(269,182,100,70),(270,182,101,27),(271,182,102,27),(272,182,103,10),(273,182,27,30),(274,182,77,204),(275,182,121,344),(276,182,183,7),(277,188,33,10),(278,188,84,17),(279,188,85,8),(280,188,32,17),(281,188,95,8),(282,188,111,18),(283,188,112,28),(284,188,113,24),(285,188,57,10),(286,188,114,112),(287,188,27,30),(288,188,63,144),(289,188,121,192),(290,188,183,8),(291,181,84,10),(292,181,32,10),(293,181,33,10),(294,181,86,8),(295,181,96,2),(296,181,98,24),(297,181,97,71),(298,181,27,15),(299,181,72,120),(300,181,121,136),(301,181,183,7),(302,170,32,24),(303,170,84,27),(304,170,86,8),(305,170,49,33),(306,170,95,7),(307,170,91,8),(308,170,138,100),(309,170,139,32),(310,170,38,36),(311,170,30,40),(312,170,67,222),(313,170,121,264),(314,170,183,16),(315,183,194,8),(316,183,31,10),(317,183,33,12),(318,183,159,6),(319,183,160,76),(320,183,59,42),(321,183,158,34),(322,183,36,14),(323,183,30,30),(324,183,73,138),(325,183,121,208),(326,183,183,7),(327,184,194,10),(328,184,31,12),(329,184,50,16),(330,184,176,6),(331,184,177,78),(332,184,56,36),(333,184,158,30),(334,184,36,18),(335,184,30,30),(336,184,62,228),(337,184,121,312),(338,184,183,8),(339,186,33,8),(340,186,32,8),(341,186,46,8),(342,186,36,8),(343,186,161,19),(344,186,158,40),(345,186,162,126),(346,186,27,30),(347,186,59,44),(348,186,72,270),(349,186,121,312),(350,186,183,7),(351,179,50,18),(352,179,32,13),(353,179,31,14),(354,179,27,30),(355,179,34,6),(356,179,178,18),(357,179,171,34),(358,179,179,26),(359,179,166,18),(360,179,180,34),(361,179,181,60),(362,179,75,144),(363,179,121,240),(364,179,183,7),(365,176,33,17),(366,176,32,17),(367,176,84,17),(368,176,85,8),(369,176,95,5),(370,176,92,12),(371,176,169,102),(372,176,58,34),(373,176,170,34),(374,176,27,30),(375,176,113,17),(376,176,171,51),(377,176,42,204),(378,176,121,240),(379,176,183,7),(380,177,33,17),(381,177,32,17),(382,177,84,17),(383,177,86,8),(384,177,94,7),(385,177,91,10),(386,177,114,114),(387,177,59,24),(388,177,166,24),(389,177,30,30),(390,177,179,26),(391,177,171,27),(392,177,43,246),(393,177,121,280),(394,177,183,6),(395,187,50,10),(396,187,172,8),(397,187,31,8),(398,187,36,12),(399,187,173,108),(400,187,166,20),(401,187,195,16),(402,187,174,10),(403,187,175,20),(404,187,27,30),(405,187,57,6),(406,187,77,222),(407,187,121,360),(408,187,183,8),(409,178,33,22),(410,178,32,14),(411,178,31,6),(412,178,27,30),(413,178,163,4),(414,178,164,160),(415,178,56,38),(416,178,165,38),(417,178,166,38),(418,178,167,14),(419,178,168,26),(420,178,43,372),(421,178,121,440),(422,178,183,7),(423,185,84,25),(424,185,32,25),(425,185,33,29),(426,185,85,8),(427,185,95,4),(428,185,91,6),(429,185,157,62),(430,185,38,36),(431,185,27,45),(432,185,158,50),(433,185,113,28),(434,185,80,264),(435,185,121,336),(436,185,183,14);
/*!40000 ALTER TABLE `lessons` ENABLE KEYS */;
UNLOCK TABLES;

--
-- Table structure for table `migration`
--

DROP TABLE IF EXISTS `migration`;
/*!40101 SET @saved_cs_client     = @@character_set_client */;
/*!40101 SET character_set_client = utf8 */;
CREATE TABLE `migration` (
  `version` varchar(180) NOT NULL,
  `apply_time` int(11) DEFAULT NULL,
  PRIMARY KEY (`version`)
) ENGINE=InnoDB DEFAULT CHARSET=utf8;
/*!40101 SET character_set_client = @saved_cs_client */;

--
-- Dumping data for table `migration`
--

LOCK TABLES `migration` WRITE;
/*!40000 ALTER TABLE `migration` DISABLE KEYS */;
/*!40000 ALTER TABLE `migration` ENABLE KEYS */;
UNLOCK TABLES;

--
-- Table structure for table `modules`
--

DROP TABLE IF EXISTS `modules`;
/*!40101 SET @saved_cs_client     = @@character_set_client */;
/*!40101 SET character_set_client = utf8 */;
CREATE TABLE `modules` (
  `ID` int(11) NOT NULL AUTO_INCREMENT,
  `rnp_id` int(11) NOT NULL,
  `subject_id` int(11) NOT NULL,
  `column_num` int(11) NOT NULL,
  `column_plan` int(11) NOT NULL,
  `column_rep` int(11) NOT NULL,
  PRIMARY KEY (`ID`)
) ENGINE=InnoDB AUTO_INCREMENT=1756 DEFAULT CHARSET=utf8;
/*!40101 SET character_set_client = @saved_cs_client */;

--
-- Dumping data for table `modules`
--

LOCK TABLES `modules` WRITE;
/*!40000 ALTER TABLE `modules` DISABLE KEYS */;
INSERT INTO `modules` VALUES (19,5,6,0,1,1),(20,5,6,1,1,1),(42,8,13,0,2,4),(43,8,13,1,2,1),(44,8,13,2,0,1),(45,8,13,3,0,1),(46,8,13,4,0,1),(47,8,13,5,0,1),(48,8,13,6,0,1),(49,8,13,7,0,1),(50,8,13,8,0,2),(51,8,13,9,0,1),(52,8,13,10,0,8),(53,8,13,11,0,1),(54,8,14,0,2,4),(55,8,14,1,0,1),(56,8,14,2,0,1),(57,8,14,3,0,1),(58,8,14,4,0,1),(59,8,14,5,0,1),(60,8,14,6,0,1),(61,8,14,7,0,1),(62,8,14,8,0,2),(63,8,14,9,0,1),(64,8,14,10,0,8),(65,8,14,11,0,1),(66,8,15,0,2,4),(67,8,15,1,0,1),(68,8,15,2,0,1),(69,8,15,3,0,1),(70,8,15,4,0,1),(71,8,15,5,0,1),(72,8,15,6,0,1),(73,8,15,7,0,1),(74,8,15,8,0,2),(75,8,15,9,0,1),(76,8,15,10,0,8),(77,8,15,11,0,1),(78,8,16,0,2,4),(79,8,16,1,4,1),(80,8,16,2,0,1),(81,8,16,3,0,1),(82,8,16,4,0,1),(83,8,16,5,0,1),(84,8,16,6,0,1),(85,8,16,7,0,1),(86,8,16,8,0,2),(87,8,16,9,0,1),(88,8,16,10,0,8),(89,8,16,11,0,1),(90,8,17,0,0,4),(91,8,17,1,0,1),(92,8,17,2,0,1),(93,8,17,3,20,1),(94,8,17,4,14,1),(95,8,17,5,20,1),(96,8,17,6,14,1),(97,8,17,7,0,1),(98,8,17,8,20,2),(99,8,17,9,0,1),(100,8,17,10,0,8),(101,8,17,11,0,1),(102,8,18,0,0,4),(103,8,18,1,0,1),(104,8,18,2,0,1),(105,8,18,3,4,1),(106,8,18,4,2,1),(107,8,18,5,4,1),(108,8,18,6,2,1),(109,8,18,7,0,1),(110,8,18,8,4,2),(111,8,18,9,0,1),(112,8,18,10,0,8),(113,8,18,11,0,1),(114,8,19,0,3,4),(115,8,19,1,4,1),(116,8,19,2,0,1),(117,8,19,3,0,1),(118,8,19,4,0,1),(119,8,19,5,0,1),(120,8,19,6,0,1),(121,8,19,7,0,1),(122,8,19,8,0,2),(123,8,19,9,0,1),(124,8,19,10,0,8),(125,8,19,11,0,1),(126,8,20,0,2,4),(127,8,20,1,2,1),(128,8,20,2,0,1),(129,8,20,3,0,1),(130,8,20,4,0,1),(131,8,20,5,0,1),(132,8,20,6,0,1),(133,8,20,7,0,1),(134,8,20,8,0,2),(135,8,20,9,0,1),(136,8,20,10,0,8),(137,8,20,11,0,1),(138,8,21,0,4,4),(139,8,21,1,4,1),(140,8,21,2,0,1),(141,8,21,3,0,1),(142,8,21,4,0,1),(143,8,21,5,0,1),(144,8,21,6,0,1),(145,8,21,7,0,1),(146,8,21,8,0,2),(147,8,21,9,0,1),(148,8,21,10,0,8),(149,8,21,11,0,1),(150,8,22,0,6,4),(151,8,22,1,6,1),(152,8,22,2,0,1),(153,8,22,3,0,1),(154,8,22,4,0,1),(155,8,22,5,0,1),(156,8,22,6,0,1),(157,8,22,7,0,1),(158,8,22,8,0,2),(159,8,22,9,0,1),(160,8,22,10,0,8),(161,8,22,11,0,1),(162,8,23,0,1,4),(163,8,23,1,2,1),(164,8,23,2,0,1),(165,8,23,3,0,1),(166,8,23,4,0,1),(167,8,23,5,0,1),(168,8,23,6,0,1),(169,8,23,7,0,1),(170,8,23,8,0,2),(171,8,23,9,0,1),(172,8,23,10,0,8),(173,8,23,11,0,1),(174,8,24,0,12,4),(175,8,24,1,12,1),(176,8,24,2,30,1),(177,8,24,3,12,1),(178,8,24,4,18,1),(179,8,24,5,12,1),(180,8,24,6,18,1),(181,8,24,7,30,1),(182,8,24,8,12,2),(183,8,24,9,18,1),(184,8,24,10,0,8),(185,8,24,11,0,1),(186,8,25,0,0,4),(187,8,25,1,0,1),(188,8,25,2,0,1),(189,8,25,3,0,1),(190,8,25,4,0,1),(191,8,25,5,0,1),(192,8,25,6,0,1),(193,8,25,7,0,1),(194,8,25,8,0,2),(195,8,25,9,16,1),(196,8,25,10,40,8),(197,8,25,11,24,1),(198,8,26,0,0,4),(199,8,26,1,0,1),(200,8,26,2,0,1),(201,8,26,3,0,1),(202,8,26,4,0,1),(203,8,26,5,0,1),(204,8,26,6,0,1),(205,8,26,7,0,1),(206,8,26,8,0,2),(207,8,26,9,0,1),(208,8,26,10,0,8),(209,8,26,11,0,1),(210,8,27,0,0,4),(211,8,27,1,0,1),(212,8,27,2,0,1),(213,8,27,3,0,1),(214,8,27,4,0,1),(215,8,27,5,0,1),(216,8,27,6,0,1),(217,8,27,7,0,1),(218,8,27,8,0,2),(219,8,27,9,0,1),(220,8,27,10,0,8),(221,8,27,11,8,1),(222,8,28,0,36,4),(223,8,28,1,36,1),(224,8,28,2,30,1),(225,8,28,3,36,1),(226,8,28,4,34,1),(227,8,28,5,36,1),(228,8,28,6,34,1),(229,8,28,7,30,1),(230,8,28,8,36,2),(231,8,28,9,34,1),(232,8,28,10,40,8),(233,8,28,11,32,1),(426,9,45,0,2,4),(427,9,45,1,2,2),(428,9,45,2,5,1),(429,9,45,3,0,2),(430,9,45,4,0,1),(431,9,45,5,0,1),(432,9,45,6,0,4),(433,9,45,7,2,2),(434,9,45,8,2,1),(435,9,45,9,1,1),(436,9,45,10,0,4),(437,9,45,11,0,1),(438,9,46,0,2,4),(439,9,46,1,4,2),(440,9,46,2,1,1),(441,9,46,3,0,2),(442,9,46,4,0,1),(443,9,46,5,0,1),(444,9,46,6,2,4),(445,9,46,7,0,2),(446,9,46,8,2,1),(447,9,46,9,0,1),(448,9,46,10,0,4),(449,9,46,11,0,1),(450,9,47,0,2,4),(451,9,47,1,0,2),(452,9,47,2,0,1),(453,9,47,3,0,2),(454,9,47,4,0,1),(455,9,47,5,0,1),(456,9,47,6,0,4),(457,9,47,7,0,2),(458,9,47,8,0,1),(459,9,47,9,0,1),(460,9,47,10,0,4),(461,9,47,11,0,1),(462,9,48,0,2,4),(463,9,48,1,4,2),(464,9,48,2,1,1),(465,9,48,3,0,2),(466,9,48,4,0,1),(467,9,48,5,0,1),(468,9,48,6,2,4),(469,9,48,7,2,2),(470,9,48,8,2,1),(471,9,48,9,2,1),(472,9,48,10,0,4),(473,9,48,11,0,1),(474,9,49,0,0,4),(475,9,49,1,2,2),(476,9,49,2,3,1),(477,9,49,3,0,2),(478,9,49,4,0,1),(479,9,49,5,0,1),(480,9,49,6,0,4),(481,9,49,7,0,2),(482,9,49,8,0,1),(483,9,49,9,0,1),(484,9,49,10,0,4),(485,9,49,11,0,1),(486,9,50,0,0,4),(487,9,50,1,2,2),(488,9,50,2,0,1),(489,9,50,3,0,2),(490,9,50,4,0,1),(491,9,50,5,0,1),(492,9,50,6,0,4),(493,9,50,7,0,2),(494,9,50,8,0,1),(495,9,50,9,0,1),(496,9,50,10,0,4),(497,9,50,11,0,1),(498,9,51,0,6,4),(499,9,51,1,2,2),(500,9,51,2,2,1),(501,9,51,3,0,2),(502,9,51,4,0,1),(503,9,51,5,0,1),(504,9,51,6,10,4),(505,9,51,7,10,2),(506,9,51,8,6,1),(507,9,51,9,4,1),(508,9,51,10,0,4),(509,9,51,11,0,1),(510,9,52,0,0,4),(511,9,52,1,0,2),(512,9,52,2,0,1),(513,9,52,3,0,2),(514,9,52,4,0,1),(515,9,52,5,4,1),(516,9,52,6,4,4),(517,9,52,7,6,2),(518,9,52,8,0,1),(519,9,52,9,0,1),(520,9,52,10,0,4),(521,9,52,11,0,1),(522,9,53,0,2,4),(523,9,53,1,0,2),(524,9,53,2,1,1),(525,9,53,3,0,2),(526,9,53,4,0,1),(527,9,53,5,4,1),(528,9,53,6,4,4),(529,9,53,7,2,2),(530,9,53,8,2,1),(531,9,53,9,1,1),(532,9,53,10,0,4),(533,9,53,11,0,1),(534,9,54,0,6,4),(535,9,54,1,2,2),(536,9,54,2,2,1),(537,9,54,3,0,2),(538,9,54,4,0,1),(539,9,54,5,0,1),(540,9,54,6,2,4),(541,9,54,7,0,2),(542,9,54,8,2,1),(543,9,54,9,0,1),(544,9,54,10,0,4),(545,9,54,11,0,1),(546,9,55,0,12,4),(547,9,55,1,18,2),(548,9,55,2,12,1),(549,9,55,3,0,2),(550,9,55,4,0,1),(551,9,55,5,12,1),(552,9,55,6,12,4),(553,9,55,7,12,2),(554,9,55,8,18,1),(555,9,55,9,24,1),(556,9,55,10,0,4),(557,9,55,11,0,1),(558,9,56,0,0,4),(559,9,56,1,0,2),(560,9,56,2,8,1),(561,9,56,3,40,2),(562,9,56,4,8,1),(563,9,56,5,0,1),(564,9,56,6,0,4),(565,9,56,7,0,2),(566,9,56,8,0,1),(567,9,56,9,0,1),(568,9,56,10,40,4),(569,9,56,11,8,1),(570,9,57,0,0,4),(571,9,57,1,0,2),(572,9,57,2,0,1),(573,9,57,3,0,2),(574,9,57,4,0,1),(575,9,57,5,0,1),(576,9,57,6,0,4),(577,9,57,7,0,2),(578,9,57,8,0,1),(579,9,57,9,0,1),(580,9,57,10,0,4),(581,9,57,11,0,1),(582,9,58,0,0,4),(583,9,58,1,0,2),(584,9,58,2,0,1),(585,9,58,3,0,2),(586,9,58,4,8,1),(587,9,58,5,0,1),(588,9,58,6,0,4),(589,9,58,7,0,2),(590,9,58,8,0,1),(591,9,58,9,0,1),(592,9,58,10,0,4),(593,9,58,11,8,1),(594,9,59,0,36,4),(595,9,59,1,34,2),(596,9,59,2,35,1),(597,9,59,3,40,2),(598,9,59,4,16,1),(599,9,59,5,20,1),(600,9,59,6,36,4),(601,9,59,7,34,2),(602,9,59,8,34,1),(603,9,59,9,32,1),(604,9,59,10,40,4),(605,9,59,11,16,1),(606,10,60,0,2,2),(607,10,60,1,0,1),(608,10,60,2,0,1),(609,10,60,3,0,1),(610,10,60,4,0,1),(611,10,60,5,0,1),(612,10,60,6,0,1),(613,10,60,7,0,1),(614,10,60,8,0,1),(615,10,60,9,0,4),(616,10,60,10,0,1),(617,10,61,0,2,2),(618,10,61,1,0,1),(619,10,61,2,0,1),(620,10,61,3,0,1),(621,10,61,4,0,1),(622,10,61,5,0,1),(623,10,61,6,0,1),(624,10,61,7,0,1),(625,10,61,8,0,1),(626,10,61,9,0,4),(627,10,61,10,0,1),(628,10,62,0,3,2),(629,10,62,1,2,1),(630,10,62,2,0,1),(631,10,62,3,0,1),(632,10,62,4,0,1),(633,10,62,5,0,1),(634,10,62,6,0,1),(635,10,62,7,0,1),(636,10,62,8,0,1),(637,10,62,9,0,4),(638,10,62,10,0,1),(639,10,63,0,4,2),(640,10,63,1,12,1),(641,10,63,2,0,1),(642,10,63,3,0,1),(643,10,63,4,0,1),(644,10,63,5,0,1),(645,10,63,6,0,1),(646,10,63,7,0,1),(647,10,63,8,0,1),(648,10,63,9,0,4),(649,10,63,10,0,1),(650,10,64,0,2,2),(651,10,64,1,0,1),(652,10,64,2,0,1),(653,10,64,3,0,1),(654,10,64,4,0,1),(655,10,64,5,0,1),(656,10,64,6,0,1),(657,10,64,7,0,1),(658,10,64,8,0,1),(659,10,64,9,0,4),(660,10,64,10,0,1),(661,10,65,0,3,2),(662,10,65,1,0,1),(663,10,65,2,0,1),(664,10,65,3,0,1),(665,10,65,4,0,1),(666,10,65,5,0,1),(667,10,65,6,0,1),(668,10,65,7,0,1),(669,10,65,8,0,1),(670,10,65,9,0,4),(671,10,65,10,0,1),(672,10,66,0,2,2),(673,10,66,1,0,1),(674,10,66,2,0,1),(675,10,66,3,0,1),(676,10,66,4,0,1),(677,10,66,5,0,1),(678,10,66,6,0,1),(679,10,66,7,0,1),(680,10,66,8,0,1),(681,10,66,9,0,4),(682,10,66,10,0,1),(683,10,67,0,2,2),(684,10,67,1,2,1),(685,10,67,2,0,1),(686,10,67,3,12,1),(687,10,67,4,0,1),(688,10,67,5,14,1),(689,10,67,6,4,1),(690,10,67,7,10,1),(691,10,67,8,0,1),(692,10,67,9,0,4),(693,10,67,10,0,1),(694,10,68,0,0,2),(695,10,68,1,0,1),(696,10,68,2,0,1),(697,10,68,3,4,1),(698,10,68,4,0,1),(699,10,68,5,4,1),(700,10,68,6,4,1),(701,10,68,7,4,1),(702,10,68,8,0,1),(703,10,68,9,0,4),(704,10,68,10,0,1),(705,10,69,0,0,2),(706,10,69,1,5,1),(707,10,69,2,0,1),(708,10,69,3,4,1),(709,10,69,4,0,1),(710,10,69,5,12,1),(711,10,69,6,0,1),(712,10,69,7,4,1),(713,10,69,8,0,1),(714,10,69,9,0,4),(715,10,69,10,0,1),(716,10,70,0,2,2),(717,10,70,1,2,1),(718,10,70,2,0,1),(719,10,70,3,0,1),(720,10,70,4,0,1),(721,10,70,5,0,1),(722,10,70,6,0,1),(723,10,70,7,0,1),(724,10,70,8,0,1),(725,10,70,9,0,4),(726,10,70,10,0,1),(727,10,71,0,2,2),(728,10,71,1,0,1),(729,10,71,2,0,1),(730,10,71,3,0,1),(731,10,71,4,0,1),(732,10,71,5,0,1),(733,10,71,6,0,1),(734,10,71,7,0,1),(735,10,71,8,0,1),(736,10,71,9,0,4),(737,10,71,10,0,1),(738,10,72,0,0,2),(739,10,72,1,0,1),(740,10,72,2,0,1),(741,10,72,3,0,1),(742,10,72,4,0,1),(743,10,72,5,0,1),(744,10,72,6,0,1),(745,10,72,7,0,1),(746,10,72,8,0,1),(747,10,72,9,0,4),(748,10,72,10,0,1),(749,10,73,0,0,2),(750,10,73,1,0,1),(751,10,73,2,0,1),(752,10,73,3,0,1),(753,10,73,4,0,1),(754,10,73,5,0,1),(755,10,73,6,0,1),(756,10,73,7,0,1),(757,10,73,8,0,1),(758,10,73,9,0,4),(759,10,73,10,0,1),(760,10,74,0,0,2),(761,10,74,1,0,1),(762,10,74,2,0,1),(763,10,74,3,0,1),(764,10,74,4,0,1),(765,10,74,5,0,1),(766,10,74,6,0,1),(767,10,74,7,0,1),(768,10,74,8,0,1),(769,10,74,9,0,4),(770,10,74,10,0,1),(771,10,75,0,0,2),(772,10,75,1,0,1),(773,10,75,2,0,1),(774,10,75,3,0,1),(775,10,75,4,0,1),(776,10,75,5,0,1),(777,10,75,6,0,1),(778,10,75,7,0,1),(779,10,75,8,0,1),(780,10,75,9,0,4),(781,10,75,10,0,1),(782,10,76,0,36,2),(783,10,76,1,34,1),(784,10,76,2,30,1),(785,10,76,3,32,1),(786,10,76,4,30,1),(787,10,76,5,36,1),(788,10,76,6,32,1),(789,10,76,7,30,1),(790,10,76,8,30,1),(791,10,76,9,40,4),(792,10,76,10,7,1),(980,11,94,0,2,2),(981,11,94,1,5,1),(984,11,96,0,2,2),(985,11,96,1,1,1),(986,12,97,0,2,4),(987,12,97,1,0,1),(988,12,97,2,0,2),(989,12,97,3,0,1),(990,12,97,4,0,2),(991,12,97,5,0,1),(992,12,97,6,0,1),(993,12,97,7,0,2),(994,12,97,8,0,1),(995,12,97,9,0,1),(996,12,97,10,0,2),(997,12,97,11,0,4),(998,12,97,12,0,1),(999,12,98,0,0,4),(1000,12,98,1,6,1),(1001,12,98,2,0,2),(1002,12,98,3,0,1),(1003,12,98,4,0,2),(1004,12,98,5,0,1),(1005,12,98,6,0,1),(1006,12,98,7,0,2),(1007,12,98,8,0,1),(1008,12,98,9,0,1),(1009,12,98,10,0,2),(1010,12,98,11,0,4),(1011,12,98,12,0,1),(1012,12,99,0,2,4),(1013,12,99,1,2,1),(1014,12,99,2,0,2),(1015,12,99,3,0,1),(1016,12,99,4,0,2),(1017,12,99,5,0,1),(1018,12,99,6,0,1),(1019,12,99,7,0,2),(1020,12,99,8,0,1),(1021,12,99,9,0,1),(1022,12,99,10,0,2),(1023,12,99,11,0,4),(1024,12,99,12,0,1),(1025,12,100,0,6,4),(1026,12,100,1,6,1),(1027,12,100,2,0,2),(1028,12,100,3,0,1),(1029,12,100,4,0,2),(1030,12,100,5,0,1),(1031,12,100,6,0,1),(1032,12,100,7,0,2),(1033,12,100,8,0,1),(1034,12,100,9,0,1),(1035,12,100,10,0,2),(1036,12,100,11,0,4),(1037,12,100,12,0,1),(1038,12,101,0,4,4),(1039,12,101,1,0,1),(1040,12,101,2,0,2),(1041,12,101,3,8,1),(1042,12,101,4,12,2),(1043,12,101,5,12,1),(1044,12,101,6,12,1),(1045,12,101,7,12,2),(1046,12,101,8,12,1),(1047,12,101,9,16,1),(1048,12,101,10,0,2),(1049,12,101,11,0,4),(1050,12,101,12,0,1),(1051,12,102,0,1,4),(1052,12,102,1,0,1),(1053,12,102,2,0,2),(1054,12,102,3,0,1),(1055,12,102,4,2,2),(1056,12,102,5,2,1),(1057,12,102,6,2,1),(1058,12,102,7,8,2),(1059,12,102,8,4,1),(1060,12,102,9,8,1),(1061,12,102,10,0,2),(1062,12,102,11,0,4),(1063,12,102,12,0,1),(1064,12,103,0,1,4),(1065,12,103,1,0,1),(1066,12,103,2,0,2),(1067,12,103,3,2,1),(1068,12,103,4,1,2),(1069,12,103,5,0,1),(1070,12,103,6,2,1),(1071,12,103,7,6,2),(1072,12,103,8,6,1),(1073,12,103,9,4,1),(1074,12,103,10,0,2),(1075,12,103,11,0,4),(1076,12,103,12,0,1),(1077,12,104,0,0,4),(1078,12,104,1,2,1),(1079,12,104,2,0,2),(1080,12,104,3,6,1),(1081,12,104,4,0,2),(1082,12,104,5,0,1),(1083,12,104,6,0,1),(1084,12,104,7,10,2),(1085,12,104,8,8,1),(1086,12,104,9,2,1),(1087,12,104,10,0,2),(1088,12,104,11,0,4),(1089,12,104,12,0,1),(1090,12,105,0,18,4),(1091,12,105,1,18,1),(1092,12,105,2,30,2),(1093,12,105,3,18,1),(1094,12,105,4,0,2),(1095,12,105,5,0,1),(1096,12,105,6,0,1),(1097,12,105,7,0,2),(1098,12,105,8,0,1),(1099,12,105,9,0,1),(1100,12,105,10,0,2),(1101,12,105,11,0,4),(1102,12,105,12,0,1),(1103,12,106,0,0,4),(1104,12,106,1,0,1),(1105,12,106,2,0,2),(1106,12,106,3,0,1),(1107,12,106,4,18,2),(1108,12,106,5,18,1),(1109,12,106,6,18,1),(1110,12,106,7,0,2),(1111,12,106,8,6,1),(1112,12,106,9,6,1),(1113,12,106,10,30,2),(1114,12,106,11,0,4),(1115,12,106,12,0,1),(1116,12,107,0,0,4),(1117,12,107,1,0,1),(1118,12,107,2,0,2),(1119,12,107,3,0,1),(1120,12,107,4,0,2),(1121,12,107,5,0,1),(1122,12,107,6,0,1),(1123,12,107,7,0,2),(1124,12,107,8,0,1),(1125,12,107,9,0,1),(1126,12,107,10,0,2),(1127,12,107,11,40,4),(1128,12,107,12,16,1),(1142,12,109,0,0,4),(1143,12,109,1,0,1),(1144,12,109,2,0,2),(1145,12,109,3,0,1),(1146,12,109,4,0,2),(1147,12,109,5,0,1),(1148,12,109,6,0,1),(1149,12,109,7,0,2),(1150,12,109,8,0,1),(1151,12,109,9,0,1),(1152,12,109,10,0,2),(1153,12,109,11,0,4),(1154,12,109,12,7,1),(1155,12,110,0,34,4),(1156,12,110,1,34,1),(1157,12,110,2,30,2),(1158,12,110,3,34,1),(1159,12,110,4,33,2),(1160,12,110,5,32,1),(1161,12,110,6,34,1),(1162,12,110,7,36,2),(1163,12,110,8,36,1),(1164,12,110,9,36,1),(1165,12,110,10,30,2),(1166,12,110,11,40,4),(1167,12,110,12,23,1),(1532,13,139,0,2,4),(1533,13,139,1,0,1),(1534,13,139,2,0,1),(1535,13,139,3,0,1),(1536,13,139,4,0,2),(1537,13,139,5,0,1),(1538,13,139,6,0,1),(1539,13,139,7,0,1),(1540,13,139,8,0,1),(1541,13,139,9,0,1),(1542,13,139,10,0,1),(1543,13,139,11,0,1),(1544,13,139,12,0,1),(1545,13,139,13,0,1),(1546,13,139,14,0,7),(1547,13,139,15,0,1),(1548,13,140,0,2,4),(1549,13,140,1,0,1),(1550,13,140,2,0,1),(1551,13,140,3,0,1),(1552,13,140,4,0,2),(1553,13,140,5,0,1),(1554,13,140,6,0,1),(1555,13,140,7,0,1),(1556,13,140,8,0,1),(1557,13,140,9,0,1),(1558,13,140,10,0,1),(1559,13,140,11,0,1),(1560,13,140,12,0,1),(1561,13,140,13,0,1),(1562,13,140,14,0,7),(1563,13,140,15,0,1),(1564,13,141,0,2,4),(1565,13,141,1,0,1),(1566,13,141,2,0,1),(1567,13,141,3,0,1),(1568,13,141,4,0,2),(1569,13,141,5,0,1),(1570,13,141,6,0,1),(1571,13,141,7,0,1),(1572,13,141,8,0,1),(1573,13,141,9,0,1),(1574,13,141,10,0,1),(1575,13,141,11,0,1),(1576,13,141,12,0,1),(1577,13,141,13,0,1),(1578,13,141,14,0,7),(1579,13,141,15,0,1),(1580,13,142,0,2,4),(1581,13,142,1,0,1),(1582,13,142,2,0,1),(1583,13,142,3,0,1),(1584,13,142,4,0,2),(1585,13,142,5,0,1),(1586,13,142,6,0,1),(1587,13,142,7,0,1),(1588,13,142,8,0,1),(1589,13,142,9,0,1),(1590,13,142,10,0,1),(1591,13,142,11,0,1),(1592,13,142,12,0,1),(1593,13,142,13,0,1),(1594,13,142,14,0,7),(1595,13,142,15,0,1),(1596,13,143,0,4,4),(1597,13,143,1,2,1),(1598,13,143,2,1,1),(1599,13,143,3,0,1),(1600,13,143,4,0,2),(1601,13,143,5,0,1),(1602,13,143,6,0,1),(1603,13,143,7,0,1),(1604,13,143,8,0,1),(1605,13,143,9,0,1),(1606,13,143,10,0,1),(1607,13,143,11,0,1),(1608,13,143,12,0,1),(1609,13,143,13,0,1),(1610,13,143,14,0,7),(1611,13,143,15,0,1),(1612,13,144,0,4,4),(1613,13,144,1,8,1),(1614,13,144,2,8,1),(1615,13,144,3,1,1),(1616,13,144,4,0,2),(1617,13,144,5,2,1),(1618,13,144,6,2,1),(1619,13,144,7,0,1),(1620,13,144,8,1,1),(1621,13,144,9,2,1),(1622,13,144,10,0,1),(1623,13,144,11,0,1),(1624,13,144,12,0,1),(1625,13,144,13,0,1),(1626,13,144,14,0,7),(1627,13,144,15,0,1),(1628,13,145,0,16,4),(1629,13,145,1,14,1),(1630,13,145,2,13,1),(1631,13,145,3,7,1),(1632,13,145,4,0,2),(1633,13,145,5,6,1),(1634,13,145,6,2,1),(1635,13,145,7,0,1),(1636,13,145,8,10,1),(1637,13,145,9,2,1),(1638,13,145,10,0,1),(1639,13,145,11,4,1),(1640,13,145,12,2,1),(1641,13,145,13,2,1),(1642,13,145,14,0,7),(1643,13,145,15,0,1),(1644,13,146,0,2,4),(1645,13,146,1,4,1),(1646,13,146,2,4,1),(1647,13,146,3,2,1),(1648,13,146,4,0,2),(1649,13,146,5,4,1),(1650,13,146,6,0,1),(1651,13,146,7,0,1),(1652,13,146,8,2,1),(1653,13,146,9,2,1),(1654,13,146,10,0,1),(1655,13,146,11,4,1),(1656,13,146,12,0,1),(1657,13,146,13,0,1),(1658,13,146,14,0,7),(1659,13,146,15,0,1),(1660,13,147,0,2,4),(1661,13,147,1,8,1),(1662,13,147,2,8,1),(1663,13,147,3,2,1),(1664,13,147,4,0,2),(1665,13,147,5,2,1),(1666,13,147,6,2,1),(1667,13,147,7,0,1),(1668,13,147,8,4,1),(1669,13,147,9,4,1),(1670,13,147,10,0,1),(1671,13,147,11,0,1),(1672,13,147,12,6,1),(1673,13,147,13,0,1),(1674,13,147,14,0,7),(1675,13,147,15,0,1),(1676,13,148,0,0,4),(1677,13,148,1,0,1),(1678,13,148,2,0,1),(1679,13,148,3,18,1),(1680,13,148,4,30,2),(1681,13,148,5,18,1),(1682,13,148,6,24,1),(1683,13,148,7,30,1),(1684,13,148,8,18,1),(1685,13,148,9,18,1),(1686,13,148,10,30,1),(1687,13,148,11,24,1),(1688,13,148,12,24,1),(1689,13,148,13,6,1),(1690,13,148,14,0,7),(1691,13,148,15,0,1),(1692,13,149,0,0,4),(1693,13,149,1,0,1),(1694,13,149,2,0,1),(1695,13,149,3,0,1),(1696,13,149,4,0,2),(1697,13,149,5,0,1),(1698,13,149,6,0,1),(1699,13,149,7,0,1),(1700,13,149,8,0,1),(1701,13,149,9,0,1),(1702,13,149,10,0,1),(1703,13,149,11,0,1),(1704,13,149,12,0,1),(1705,13,149,13,32,1),(1706,13,149,14,40,7),(1707,13,149,15,0,1),(1708,13,150,0,0,4),(1709,13,150,1,0,1),(1710,13,150,2,0,1),(1711,13,150,3,0,1),(1712,13,150,4,0,2),(1713,13,150,5,0,1),(1714,13,150,6,0,1),(1715,13,150,7,0,1),(1716,13,150,8,0,1),(1717,13,150,9,0,1),(1718,13,150,10,0,1),(1719,13,150,11,0,1),(1720,13,150,12,0,1),(1721,13,150,13,0,1),(1722,13,150,14,0,7),(1723,13,150,15,0,1),(1724,13,151,0,0,4),(1725,13,151,1,0,1),(1726,13,151,2,0,1),(1727,13,151,3,0,1),(1728,13,151,4,0,2),(1729,13,151,5,0,1),(1730,13,151,6,0,1),(1731,13,151,7,0,1),(1732,13,151,8,0,1),(1733,13,151,9,0,1),(1734,13,151,10,0,1),(1735,13,151,11,0,1),(1736,13,151,12,0,1),(1737,13,151,13,0,1),(1738,13,151,14,0,7),(1739,13,151,15,7,1),(1740,13,152,0,36,4),(1741,13,152,1,36,1),(1742,13,152,2,34,1),(1743,13,152,3,30,1),(1744,13,152,4,30,2),(1745,13,152,5,32,1),(1746,13,152,6,30,1),(1747,13,152,7,30,1),(1748,13,152,8,33,1),(1749,13,152,9,30,1),(1750,13,152,10,30,1),(1751,13,152,11,32,1),(1752,13,152,12,32,1),(1753,13,152,13,40,1),(1754,13,152,14,0,7),(1755,13,152,15,7,1);
/*!40000 ALTER TABLE `modules` ENABLE KEYS */;
UNLOCK TABLES;

--
-- Table structure for table `nakaz`
--

DROP TABLE IF EXISTS `nakaz`;
/*!40101 SET @saved_cs_client     = @@character_set_client */;
/*!40101 SET character_set_client = utf8 */;
CREATE TABLE `nakaz` (
  `ID` int(11) NOT NULL AUTO_INCREMENT,
  `teacher_id` int(11) NOT NULL,
  `subject_id` int(11) NOT NULL,
  `rnp_id` int(11) NOT NULL,
  `column_num` int(11) NOT NULL,
  `type` int(11) NOT NULL,
  `title` varchar(255) NOT NULL,
  PRIMARY KEY (`ID`)
) ENGINE=InnoDB AUTO_INCREMENT=173 DEFAULT CHARSET=utf8;
/*!40101 SET character_set_client = @saved_cs_client */;

--
-- Dumping data for table `nakaz`
--

LOCK TABLES `nakaz` WRITE;
/*!40000 ALTER TABLE `nakaz` DISABLE KEYS */;
INSERT INTO `nakaz` VALUES (9,11,6,5,0,1,'Наказ про педнавантаження №***-Н від **.**.**'),(16,53,13,8,0,1,'Наказ про педнавантаження №83-Н від 25.02.19'),(17,60,14,8,0,1,'Наказ про педнавантаження №83-Н від 25.02.19'),(18,12,15,8,0,1,'Наказ про педнавантаження №83-Н від 25.02.19'),(19,46,16,8,0,1,'Наказ про педнавантаження №83-Н від 25.02.19'),(20,70,17,8,0,1,'Наказ про педнавантаження №83-Н від 25.02.19'),(21,46,18,8,0,1,'Наказ про педнавантаження №83-Н від 25.02.19'),(22,46,19,8,0,1,'Наказ про педнавантаження №83-Н від 25.02.19'),(23,46,20,8,0,1,'Наказ про педнавантаження №83-Н від 25.02.19'),(24,72,21,8,0,1,'Наказ про педнавантаження №83-Н від 25.02.19'),(25,49,22,8,0,1,'Наказ про педнавантаження №83-Н від 25.02.19'),(26,15,23,8,0,1,'Наказ про педнавантаження №83-Н від 25.02.19'),(27,75,24,8,0,1,'Наказ про педнавантаження №83-Н від 25.02.19'),(28,71,25,8,0,1,'Наказ про педнавантаження №83-Н від 25.02.19'),(29,73,26,8,0,1,'Наказ про педнавантаження №83-Н від 25.02.19'),(30,67,27,8,0,1,'Наказ про педнавантаження №83-Н від 25.02.19'),(31,74,28,8,0,1,'Наказ про педнавантаження №83-Н від 25.02.19'),(48,77,45,9,0,1,'Наказ про педнавантаження №***-Н від **.**.**'),(49,12,46,9,0,1,'Наказ про педнавантаження №***-Н від **.**.**'),(50,72,47,9,0,1,'Наказ про педнавантаження №***-Н від **.**.**'),(51,53,48,9,0,1,'Наказ про педнавантаження №***-Н від **.**.**'),(52,41,49,9,0,1,'Наказ про педнавантаження №***-Н від **.**.**'),(53,41,50,9,0,1,'Наказ про педнавантаження №***-Н від **.**.**'),(54,45,51,9,0,1,'Наказ про педнавантаження №***-Н від **.**.**'),(55,76,52,9,0,1,'Наказ про педнавантаження №***-Н від **.**.**'),(56,45,53,9,0,1,'Наказ про педнавантаження №***-Н від **.**.**'),(57,56,54,9,0,1,'Наказ про педнавантаження №***-Н від **.**.**'),(58,75,55,9,0,1,'Наказ про педнавантаження №***-Н від **.**.**'),(59,71,56,9,0,1,'Наказ про педнавантаження №***-Н від **.**.**'),(60,73,57,9,0,1,'Наказ про педнавантаження №***-Н від **.**.**'),(61,67,58,9,0,1,'Наказ про педнавантаження №***-Н від **.**.**'),(62,74,59,9,0,1,'Наказ про педнавантаження №***-Н від **.**.**'),(63,12,60,10,0,1,'Наказ про педнавантаження №***-Н від **.**.**'),(64,77,61,10,0,1,'Наказ про педнавантаження №***-Н від **.**.**'),(65,37,62,10,0,1,'Наказ про педнавантаження №***-Н від **.**.**'),(66,56,63,10,0,1,'Наказ про педнавантаження №***-Н від **.**.**'),(67,78,64,10,0,1,'Наказ про педнавантаження №***-Н від **.**.**'),(68,59,65,10,0,1,'Наказ про педнавантаження №***-Н від **.**.**'),(69,26,66,10,0,1,'Наказ про педнавантаження №***-Н від **.**.**'),(70,78,67,10,0,1,'Наказ про педнавантаження №***-Н від **.**.**'),(71,78,68,10,0,1,'Наказ про педнавантаження №***-Н від **.**.**'),(72,52,69,10,0,1,'Наказ про педнавантаження №***-Н від **.**.**'),(73,52,70,10,0,1,'Наказ про педнавантаження №***-Н від **.**.**'),(74,49,71,10,0,1,'Наказ про педнавантаження №***-Н від **.**.**'),(75,75,72,10,0,1,'Наказ про педнавантаження №***-Н від **.**.**'),(76,71,73,10,0,1,'Наказ про педнавантаження №***-Н від **.**.**'),(77,73,74,10,0,1,'Наказ про педнавантаження №***-Н від **.**.**'),(78,67,75,10,0,1,'Наказ про педнавантаження №***-Н від **.**.**'),(79,74,76,10,0,1,'Наказ про педнавантаження №***-Н від **.**.**'),(97,23,94,11,0,1,'Наказ про педнавантаження №***-Н від **.**.**'),(99,11,94,11,1,2,'Зміни 1 №***-Н від **.**.**  до наказу №***-Н від **.**.**'),(101,15,96,11,0,1,'Наказ про педнавантаження №***-Н від **.**.**'),(102,23,96,11,1,2,'Зміни 1 №***-Н від **.**.**  до наказу №***-Н від **.**.**'),(103,53,97,12,0,1,'Наказ про педнавантаження №***-Н від **.**.**'),(104,60,98,12,0,1,'Наказ про педнавантаження №***-Н від **.**.**'),(105,12,99,12,0,1,'Наказ про педнавантаження №***-Н від **.**.**'),(106,49,100,12,0,1,'Наказ про педнавантаження №***-Н від **.**.**'),(107,34,101,12,0,1,'Наказ про педнавантаження №***-Н від **.**.**'),(108,46,102,12,0,1,'Наказ про педнавантаження №***-Н від **.**.**'),(109,53,103,12,0,1,'Наказ про педнавантаження №***-Н від **.**.**'),(110,15,104,12,0,1,'Наказ про педнавантаження №***-Н від **.**.**'),(111,75,105,12,0,1,'Наказ про педнавантаження №***-Н від **.**.**'),(112,75,106,12,0,1,'Наказ про педнавантаження №***-Н від **.**.**'),(113,71,107,12,0,1,'Наказ про педнавантаження №***-Н від **.**.**'),(115,67,109,12,0,1,'Наказ про педнавантаження №***-Н від **.**.**'),(116,74,110,12,0,1,'Наказ про педнавантаження №***-Н від **.**.**'),(145,53,139,13,0,1,'Наказ про педнавантаження №53-Н від 11.02.2019'),(146,60,140,13,0,1,'Наказ про педнавантаження №53-Н від 11.02.2019'),(147,12,141,13,0,1,'Наказ про педнавантаження №53-Н від 11.02.2019'),(148,46,142,13,0,1,'Наказ про педнавантаження №53-Н від 11.02.2019'),(149,55,143,13,0,1,'Наказ про педнавантаження №53-Н від 11.02.2019'),(150,43,144,13,0,1,'Наказ про педнавантаження №53-Н від 11.02.2019'),(151,43,145,13,0,1,'Наказ про педнавантаження №53-Н від 11.02.2019'),(152,56,146,13,0,1,'Наказ про педнавантаження №53-Н від 11.02.2019'),(153,55,147,13,0,1,'Наказ про педнавантаження №53-Н від 11.02.2019'),(154,75,148,13,0,1,'Наказ про педнавантаження №53-Н від 11.02.2019'),(155,71,149,13,0,1,'Наказ про педнавантаження №53-Н від 11.02.2019'),(156,73,150,13,0,1,'Наказ про педнавантаження №53-Н від 11.02.2019'),(157,67,151,13,0,1,'Наказ про педнавантаження №53-Н від 11.02.2019'),(158,74,152,13,0,1,'Наказ про педнавантаження №53-Н від 11.02.2019'),(159,53,139,13,1,2,'Зміни 1 №57-Н від 12.02.2019  до наказу №53-Н від 11.02.2019'),(160,60,140,13,1,2,'Зміни 1 №57-Н від 12.02.2019  до наказу №53-Н від 11.02.2019'),(161,12,141,13,1,2,'Зміни 1 №57-Н від 12.02.2019  до наказу №53-Н від 11.02.2019'),(162,46,142,13,1,2,'Зміни 1 №57-Н від 12.02.2019  до наказу №53-Н від 11.02.2019'),(163,43,143,13,1,2,'Зміни 1 №57-Н від 12.02.2019  до наказу №53-Н від 11.02.2019'),(164,43,144,13,1,2,'Зміни 1 №57-Н від 12.02.2019  до наказу №53-Н від 11.02.2019'),(165,43,145,13,1,2,'Зміни 1 №57-Н від 12.02.2019  до наказу №53-Н від 11.02.2019'),(166,56,146,13,1,2,'Зміни 1 №57-Н від 12.02.2019  до наказу №53-Н від 11.02.2019'),(167,43,147,13,1,2,'Зміни 1 №57-Н від 12.02.2019  до наказу №53-Н від 11.02.2019'),(168,75,148,13,1,2,'Зміни 1 №57-Н від 12.02.2019  до наказу №53-Н від 11.02.2019'),(169,71,149,13,1,2,'Зміни 1 №57-Н від 12.02.2019  до наказу №53-Н від 11.02.2019'),(170,73,150,13,1,2,'Зміни 1 №57-Н від 12.02.2019  до наказу №53-Н від 11.02.2019'),(171,67,151,13,1,2,'Зміни 1 №57-Н від 12.02.2019  до наказу №53-Н від 11.02.2019'),(172,74,152,13,1,2,'Зміни 1 №57-Н від 12.02.2019  до наказу №53-Н від 11.02.2019');
/*!40000 ALTER TABLE `nakaz` ENABLE KEYS */;
UNLOCK TABLES;

--
-- Table structure for table `practice`
--

DROP TABLE IF EXISTS `practice`;
/*!40101 SET @saved_cs_client     = @@character_set_client */;
/*!40101 SET character_set_client = utf8 */;
CREATE TABLE `practice` (
  `ID` int(11) NOT NULL AUTO_INCREMENT,
  `name` varchar(255) NOT NULL,
  `master_id` int(11) NOT NULL,
  `max_week` int(255) NOT NULL,
  `audience_id` int(11) NOT NULL,
  PRIMARY KEY (`ID`),
  KEY `master_id` (`master_id`),
  KEY `audience_id` (`audience_id`),
  CONSTRAINT `practice_FK1` FOREIGN KEY (`master_id`) REFERENCES `user` (`id`),
  CONSTRAINT `practice_FK2` FOREIGN KEY (`audience_id`) REFERENCES `audience` (`ID`)
) ENGINE=InnoDB DEFAULT CHARSET=utf8;
/*!40101 SET character_set_client = @saved_cs_client */;

--
-- Dumping data for table `practice`
--

LOCK TABLES `practice` WRITE;
/*!40000 ALTER TABLE `practice` DISABLE KEYS */;
/*!40000 ALTER TABLE `practice` ENABLE KEYS */;
UNLOCK TABLES;

--
-- Table structure for table `practice_lessons`
--

DROP TABLE IF EXISTS `practice_lessons`;
/*!40101 SET @saved_cs_client     = @@character_set_client */;
/*!40101 SET character_set_client = utf8 */;
CREATE TABLE `practice_lessons` (
  `ID` int(11) NOT NULL AUTO_INCREMENT,
  `course_id` int(11) NOT NULL,
  `practice_id` int(11) NOT NULL,
  `quantity` int(11) NOT NULL,
  PRIMARY KEY (`ID`)
) ENGINE=InnoDB DEFAULT CHARSET=utf8;
/*!40101 SET character_set_client = @saved_cs_client */;

--
-- Dumping data for table `practice_lessons`
--

LOCK TABLES `practice_lessons` WRITE;
/*!40000 ALTER TABLE `practice_lessons` DISABLE KEYS */;
/*!40000 ALTER TABLE `practice_lessons` ENABLE KEYS */;
UNLOCK TABLES;

--
-- Table structure for table `rank`
--

DROP TABLE IF EXISTS `rank`;
/*!40101 SET @saved_cs_client     = @@character_set_client */;
/*!40101 SET character_set_client = utf8 */;
CREATE TABLE `rank` (
  `ID` int(11) NOT NULL AUTO_INCREMENT,
  `rank_name` varchar(255) NOT NULL,
  PRIMARY KEY (`ID`)
) ENGINE=InnoDB AUTO_INCREMENT=14 DEFAULT CHARSET=utf8;
/*!40101 SET character_set_client = @saved_cs_client */;

--
-- Dumping data for table `rank`
--

LOCK TABLES `rank` WRITE;
/*!40000 ALTER TABLE `rank` DISABLE KEYS */;
INSERT INTO `rank` VALUES (4,'майстер в/н ІІ категорії'),(10,'майстер в/н І категорії'),(11,'викладач-методист'),(12,'старший викладач'),(13,'без звання');
/*!40000 ALTER TABLE `rank` ENABLE KEYS */;
UNLOCK TABLES;

--
-- Table structure for table `rnp_subjects`
--

DROP TABLE IF EXISTS `rnp_subjects`;
/*!40101 SET @saved_cs_client     = @@character_set_client */;
/*!40101 SET character_set_client = utf8 */;
CREATE TABLE `rnp_subjects` (
  `ID` int(11) NOT NULL AUTO_INCREMENT,
  `rnp_id` int(11) NOT NULL,
  `plan_all` int(11) NOT NULL,
  `title` varchar(255) NOT NULL,
  `audience_id` int(11) DEFAULT NULL,
  `required` tinyint(1) NOT NULL DEFAULT '0',
  `practice` tinyint(1) NOT NULL DEFAULT '0',
  PRIMARY KEY (`ID`)
) ENGINE=InnoDB AUTO_INCREMENT=153 DEFAULT CHARSET=utf8;
/*!40101 SET character_set_client = @saved_cs_client */;

--
-- Dumping data for table `rnp_subjects`
--

LOCK TABLES `rnp_subjects` WRITE;
/*!40000 ALTER TABLE `rnp_subjects` DISABLE KEYS */;
INSERT INTO `rnp_subjects` VALUES (6,5,2,'test',15,1,1),(13,8,10,'Інформаційні технології',NULL,0,0),(14,8,8,'Основи ринкової економіки, підприємництва та енергоменеджменту',NULL,0,0),(15,8,8,'Основи трудового законодавства',NULL,0,0),(16,8,12,'Основи електротехніки',NULL,0,0),(17,8,108,'Будова, технічне обслуговування та ремонт промислового устаткування ',NULL,0,0),(18,8,20,'Допуски та технічні вимірювання',NULL,0,0),(19,8,16,'Технічне креслення ',NULL,0,0),(20,8,10,'Основи технічної механіки',NULL,0,0),(21,8,20,'Основи слюсарної справи',NULL,0,0),(22,8,30,'Охорона праці',NULL,0,0),(23,8,6,'Матеріалознавство',NULL,0,0),(24,8,222,'Виробниче навчання ',NULL,0,0),(25,8,360,'Виробнича практика',NULL,0,0),(26,8,14,'Консультації',NULL,0,0),(27,8,8,'Державна кваліфікаційна атестація (ДКА)',NULL,0,0),(28,8,838,'Загальний обсяг навчального часу',NULL,0,0),(45,9,24,'Основи галузевої економіки і підприємництва',NULL,0,0),(46,9,27,'Основи правових знань',NULL,0,0),(47,9,8,'Правила дорожнього руху',NULL,0,0),(48,9,33,'Інформаційні технології',NULL,0,0),(49,9,7,'Техніка пошуку роботи',NULL,0,0),(50,9,8,'Ділова етика і культура спілкування',NULL,0,0),(51,9,100,'Технологія виготовлення трикотажних виробів та полотна ',NULL,0,0),(52,9,32,'Обладнання',NULL,0,0),(53,9,42,'Матеріалознавство',NULL,0,0),(54,9,40,'Охорона праці',NULL,0,0),(55,9,222,'Виробниче навчання ',NULL,0,0),(56,9,264,'Виробнича практика',NULL,0,0),(57,9,40,'Консультації',NULL,0,0),(58,9,16,'Державна ( проміжна) кваліфікаційна атестація',NULL,0,0),(59,9,817,'Загальний обсяг навчального часу (без п.4)',NULL,0,0),(60,10,4,'Основи трудового законодавства',NULL,0,0),(61,10,4,'Основи галузевої економіки і підприємництва',NULL,0,0),(62,10,8,'Інформаційні технології',NULL,0,0),(63,10,20,'Охорона праці',NULL,0,0),(64,10,4,'Технології енергозбереження',NULL,0,0),(65,10,6,'Професійна етика',NULL,0,0),(66,10,4,'Основи електротехніки',NULL,0,0),(67,10,46,'Технологія виготовлення швейних виробів',NULL,0,0),(68,10,16,'Матеріалознавство',NULL,0,0),(69,10,24,'Обладнання швейного виробництва',NULL,0,0),(70,10,6,'Основи креслення',NULL,0,0),(71,10,4,'Спеціальне малювання ',NULL,0,0),(72,10,180,'Виробниче навчання ',NULL,0,0),(73,10,160,'Виробнича практика',NULL,0,0),(74,10,14,'Консультації',NULL,0,0),(75,10,7,'Державна кваліфікаційна атестація',NULL,0,0),(76,10,493,'Загальний обсяг навчального часу ( без п.4)',NULL,0,0),(94,11,20,'test1',NULL,0,0),(96,11,3,'test4',NULL,0,0),(97,12,8,'Інформаційні технології',NULL,0,0),(98,12,6,'Основи галузевої економіки та підприємництва',NULL,0,0),(99,12,10,'Основи трудового законодавства',NULL,0,0),(100,12,30,'Охорона праці',NULL,0,0),(101,12,124,'Технологія зварювальних робіт',NULL,0,0),(102,12,40,'Читання креслень',NULL,0,0),(103,12,32,'Електротехніка з основами промислової електроніки',NULL,0,0),(104,12,38,'Матеріалознавство',NULL,0,0),(105,12,168,'Виробниче навчання за базовим блоком',NULL,0,0),(106,12,144,'Виробниче навчання ',NULL,0,0),(107,12,176,'Виробнича практика',NULL,0,0),(109,12,7,'Державна кваліфікаційна атестація (ДКА)',NULL,0,0),(110,12,783,'Загальний обсяг навчального часу ( без п.4)',NULL,0,0),(139,13,8,'Інформаційні технології',NULL,0,0),(140,13,8,'Основи галузевої економіки і підприємництва',NULL,0,0),(141,13,8,'Основи трудового законодавства',NULL,0,0),(142,13,8,'Основи електротехніки',NULL,0,0),(143,13,19,'Основи енергоефективності',NULL,0,0),(144,13,40,'Будівельне креслення',NULL,0,0),(145,13,126,'Технологія монтажу гіпсокартонних конструкцій',NULL,0,0),(146,13,30,'Охорона праці',NULL,0,0),(147,13,44,'Матеріалознавство',NULL,0,0),(148,13,270,'Виробниче навчання ',NULL,0,0),(149,13,312,'Виробнича практика',NULL,0,0),(150,13,10,'Консультації',NULL,0,0),(151,13,7,'Державна кваліфікаційна атестація (ДКА)',NULL,0,0),(152,13,880,'Загальний обсяг навчального часу',NULL,0,0);
/*!40000 ALTER TABLE `rnp_subjects` ENABLE KEYS */;
UNLOCK TABLES;

--
-- Table structure for table `rnps`
--

DROP TABLE IF EXISTS `rnps`;
/*!40101 SET @saved_cs_client     = @@character_set_client */;
/*!40101 SET character_set_client = utf8 */;
CREATE TABLE `rnps` (
  `ID` int(11) NOT NULL AUTO_INCREMENT,
  `prof_id` int(11) NOT NULL,
  PRIMARY KEY (`ID`) USING BTREE
) ENGINE=InnoDB AUTO_INCREMENT=14 DEFAULT CHARSET=utf8;
/*!40101 SET character_set_client = @saved_cs_client */;

--
-- Dumping data for table `rnps`
--

LOCK TABLES `rnps` WRITE;
/*!40000 ALTER TABLE `rnps` DISABLE KEYS */;
INSERT INTO `rnps` VALUES (5,191),(8,187),(9,170),(10,173),(11,196),(12,208),(13,186);
/*!40000 ALTER TABLE `rnps` ENABLE KEYS */;
UNLOCK TABLES;

--
-- Table structure for table `skill`
--

DROP TABLE IF EXISTS `skill`;
/*!40101 SET @saved_cs_client     = @@character_set_client */;
/*!40101 SET character_set_client = utf8 */;
CREATE TABLE `skill` (
  `ID` int(11) NOT NULL AUTO_INCREMENT,
  `skill_name` varchar(255) NOT NULL,
  PRIMARY KEY (`ID`)
) ENGINE=InnoDB AUTO_INCREMENT=11 DEFAULT CHARSET=utf8;
/*!40101 SET character_set_client = @saved_cs_client */;

--
-- Dumping data for table `skill`
--

LOCK TABLES `skill` WRITE;
/*!40000 ALTER TABLE `skill` DISABLE KEYS */;
INSERT INTO `skill` VALUES (3,'спеціаліст'),(4,'спеціаліст ІІ категорії'),(5,'спеціаліст І категорії'),(6,'викладач вищої категорії'),(10,'без категорії');
/*!40000 ALTER TABLE `skill` ENABLE KEYS */;
UNLOCK TABLES;

--
-- Table structure for table `student_meta`
--

DROP TABLE IF EXISTS `student_meta`;
/*!40101 SET @saved_cs_client     = @@character_set_client */;
/*!40101 SET character_set_client = utf8 */;
CREATE TABLE `student_meta` (
  `id` int(11) NOT NULL AUTO_INCREMENT,
  `group_id` int(11) NOT NULL,
  `user_id` int(11) NOT NULL,
  PRIMARY KEY (`id`),
  KEY `group_id` (`group_id`),
  KEY `user_id` (`user_id`),
  KEY `user_id_2` (`user_id`),
  CONSTRAINT `student_meta_FK1` FOREIGN KEY (`group_id`) REFERENCES `groups` (`ID`),
  CONSTRAINT `student_meta_FK2` FOREIGN KEY (`user_id`) REFERENCES `user` (`id`)
) ENGINE=InnoDB AUTO_INCREMENT=10 DEFAULT CHARSET=utf8;
/*!40101 SET character_set_client = @saved_cs_client */;

--
-- Dumping data for table `student_meta`
--

LOCK TABLES `student_meta` WRITE;
/*!40000 ALTER TABLE `student_meta` DISABLE KEYS */;
INSERT INTO `student_meta` VALUES (4,9,12),(5,9,21),(6,50,69),(7,50,70),(8,9,71),(9,9,79);
/*!40000 ALTER TABLE `student_meta` ENABLE KEYS */;
UNLOCK TABLES;

--
-- Table structure for table `subjects`
--

DROP TABLE IF EXISTS `subjects`;
/*!40101 SET @saved_cs_client     = @@character_set_client */;
/*!40101 SET character_set_client = utf8 */;
CREATE TABLE `subjects` (
  `ID` int(11) NOT NULL AUTO_INCREMENT,
  `name` varchar(255) NOT NULL,
  `teacher_id` int(11) NOT NULL,
  `audience_id` int(11) NOT NULL,
  `required` tinyint(1) NOT NULL DEFAULT '1',
  `max_week` int(255) NOT NULL,
  `practice` tinyint(1) NOT NULL DEFAULT '0',
  PRIMARY KEY (`ID`),
  KEY `teacher_id` (`teacher_id`),
  KEY `lecture_id` (`audience_id`),
  CONSTRAINT `subject_FK1` FOREIGN KEY (`teacher_id`) REFERENCES `user` (`id`),
  CONSTRAINT `subject_FK2` FOREIGN KEY (`audience_id`) REFERENCES `audience` (`ID`)
) ENGINE=InnoDB AUTO_INCREMENT=196 DEFAULT CHARSET=utf8;
/*!40101 SET character_set_client = @saved_cs_client */;

--
-- Dumping data for table `subjects`
--

LOCK TABLES `subjects` WRITE;
/*!40000 ALTER TABLE `subjects` DISABLE KEYS */;
INSERT INTO `subjects` VALUES (27,'Охорона праці',49,20,1,12,0),(30,'Охорона праці',56,47,0,6,0),(31,'Основи трудового законодавства',13,44,0,12,0),(32,'Основи галузевої економіки і підприємництва',47,48,0,12,0),(33,'Інформаційні технології',37,48,0,12,0),(34,'Технології енергозбереження',30,47,0,12,0),(35,'Професійна етика',41,44,0,12,0),(36,'Основи електротехніки',46,48,0,12,0),(37,'Технологія виготовлення швейних виробів',14,47,0,12,0),(38,'Матеріалознавство',14,47,0,12,0),(39,'Обладнання швейного виробництва',14,47,0,12,0),(40,'Основи креслення',52,41,0,12,0),(41,'Спеціальне малювання',39,45,1,12,0),(42,'Виробниче навчання',52,42,1,18,1),(43,'Виробниче навчання',24,41,1,18,1),(45,'Основи ринкової економіки та підприємництва',47,40,0,12,0),(46,'Основи трудового законодавства',12,33,0,12,0),(47,'Технології енергозбереження',53,13,1,12,0),(48,'Основи галузевої економіки і підприємництва',60,24,0,9,0),(49,'Інформаційні технології',38,44,1,12,0),(50,'Інформаційні технології',53,13,1,12,0),(51,'Професійна етика',30,23,0,12,0),(52,'Професійна етика',59,46,0,9,0),(53,'Основи електротехніки',26,44,0,12,0),(54,'Основи електротехніки',53,13,1,12,0),(55,'Матеріалознавство',15,16,1,12,0),(56,'Матеріалознавство',43,13,0,12,0),(57,'Матеріалознавство',55,16,0,12,0),(58,'Матеріалознавство',45,26,0,12,0),(59,'Матеріалознавство',61,48,0,12,0),(60,'Матеріалознавство',35,37,0,12,0),(61,'Виробниче навчання',25,50,1,18,1),(62,'Виробниче навчання',26,15,0,18,1),(63,'Виробниче навчання',57,38,1,18,1),(64,'Виробниче навчання у педикюрній майстерні',11,35,1,18,1),(65,'Виробниче навчання у манікюрній майстерні',31,36,1,18,1),(66,'Виробниче навчання',28,48,1,18,1),(67,'Виробниче навчання',36,39,1,18,1),(68,'Виробниче навчання в навчальному готелі',50,51,0,18,1),(69,'Виробниче навчання',64,33,0,18,1),(70,'Виробниче навчання',21,30,1,18,1),(71,'Виробниче навчання',23,32,1,18,1),(72,'Виробниче навчання',29,27,0,18,1),(73,'Виробниче навчання',33,52,0,18,1),(74,'Виробниче навчання',34,53,1,18,1),(75,'Виробниче навчання за ЗПБ та модулем ОВПК-2',40,29,0,18,1),(76,'Виробниче навчання',44,28,1,18,1),(77,'Виробниче навчання',45,26,1,18,1),(78,'Виробниче навчання',48,55,0,18,1),(79,'Виробниче навчання',51,27,0,18,1),(80,'Виробниче навчання',54,29,0,18,1),(81,'Виробниче навчання',58,29,0,18,1),(82,'Технологія виготовлення одягу',14,47,0,10,0),(83,'Основи конструювання одягу',14,48,0,10,0),(84,'Основи правових знань',12,21,0,6,0),(85,'Правила дорожнього руху',27,23,0,4,0),(86,'Правила дорожнього руху',32,25,1,4,0),(87,'Правила дорожнього руху',22,21,0,4,0),(88,'Правила дорожнього руху',50,44,0,4,0),(89,'Ділова етика та культура спілкування',30,46,0,6,0),(90,'Ділова етика та культура спілкування',59,46,0,6,0),(91,'Ділова етика і культура спілкування',30,34,0,6,0),(92,'Ділова етика і культура спілкування',59,22,0,6,0),(93,'Ділова етика і культура спілкування',41,37,0,6,0),(94,'Техніка пошуку роботи',30,21,0,6,0),(95,'Техніка пошуку роботи',38,44,0,6,0),(96,'Техніка пошуку роботи',59,44,0,6,0),(97,'Виноградарство',48,33,0,12,0),(98,'Основи землеробства та грунтознавства',48,33,0,8,0),(99,'Технологія приготування іжї з основами товарознавства',25,50,1,10,0),(100,'Устаткування підприємств харчування',25,50,1,8,0),(101,'Гігієна та санітарія виробництва',22,22,0,2,0),(102,'Організація виробництва та обслуговування',25,50,1,2,0),(103,'Облік, калькуляція та звітність',25,50,1,2,0),(104,'Інформаційні технології',42,44,1,2,0),(105,'Основи бухгалтерського обліку',47,46,0,2,0),(106,'Техніка і механізація торговельних розрахунків',42,46,1,4,0),(107,'Організація роботи магазину',42,46,1,2,0),(108,'Основи товарознавства продовольчих товарів',42,46,1,8,0),(109,'Основи товарознавства непродовольчих товарів',42,46,1,4,0),(110,'Виробниче навчання в навчальному магазині',65,43,1,18,1),(111,'Читання креслень і схем',46,24,1,4,0),(112,'Теплотехніка',43,52,0,4,0),(113,'Електротехніка',53,13,1,4,0),(114,'Спецтехнологія',15,16,1,10,0),(115,'Спецтехнологія',43,52,0,10,0),(116,'Основи бухгалтерського обліку',63,48,1,36,0),(117,'Етика ділового спілкування',59,37,0,4,0),(118,'Технологія обслуговування в готелях та туристичних комплексах',12,44,0,8,0),(119,'Будівлі і обладнання туристичних комплексів',12,48,0,4,0),(120,'Санітарія і гігієна в підприємствах готельного типу',12,40,0,4,0),(121,'Виробнича практика',66,56,1,40,0),(122,'Перукарська справа',61,48,0,12,0),(124,'Основи гігієни і санітарії',42,46,1,4,0),(125,'Спеціальне малювання',39,45,1,5,0),(126,'Косметологія',57,37,0,12,0),(127,'Основи анатомії та фізіології людини',31,37,0,2,0),(128,'Санітарія та гігієна',42,46,0,4,0),(129,'Шкіряні хвороби',31,37,0,2,0),(130,'Основи психології, професійної етики та естетики',41,37,0,3,0),(131,'Основи іміджелогії та стилю',57,37,0,4,0),(132,'Основи організації роботи підприємства краси',57,37,0,5,0),(133,'Матеріалознавство',57,37,0,10,0),(134,'Педикюрна справа',35,40,0,10,0),(136,'Основи санітарії та гігієни',42,46,1,6,0),(137,'Професійна етика та психологія',41,47,0,4,0),(138,'Технологія виготовлення трикотажних виробів та полотна',45,26,1,10,0),(139,'Обладнання',45,26,1,6,0),(140,'Манікюрна справа',35,47,0,2,0),(141,'Організація роботи інформаційних систем',37,48,1,20,0),(142,'Програмне забезпечення',37,48,1,16,0),(143,'Обробка інформації',37,48,1,24,0),(144,'Мережеві системи',37,48,1,20,0),(145,'Робота у мережі Internet',37,48,1,24,0),(146,'Основи програмування',37,48,1,10,0),(147,'Англійська мова за професійним спрямуванням',30,47,0,6,0),(148,'Професійна лексика і термінологія',30,17,0,6,0),(149,'Основи енергозбереження',38,47,0,4,0),(150,'Іноземна мова за професійним спрямуванням',30,33,0,12,0),(151,'Основи мікроекономіки та бухгалтерського обліку',47,34,0,6,0),(152,'Планування, організація і технологія управління персоналом підприємства',38,33,0,12,0),(153,'Основи маркетингу',38,34,0,12,0),(154,'Інформаційне-комп’ютерне забезпечення управління персоналом підприємства',37,15,0,8,0),(155,'Основи електронного бізнесу',38,33,0,8,0),(156,'Технологія малярних робіт',43,30,0,7,0),(157,'Технологія малярних робіт',55,30,0,7,0),(158,'Будівельне креслення',43,22,0,4,0),(159,'Енергозберігаючі технології та основи екології',55,23,0,3,0),(160,'Технологія штукатурних робіт',55,30,0,10,0),(161,'Основи енергоефективності',53,21,0,4,0),(162,'Технологія монтажу гіпсокартонних конструкцій',43,32,0,16,0),(163,'Технології енерго- та матеріалозбереження',53,24,0,2,0),(164,'Технологія верстатних робіт',54,21,0,12,0),(165,'Технічне креслення та читання креслень',46,24,1,4,0),(166,'Допуски та технічні вимірювання',10,23,0,4,0),(167,'Основи електротехніки з основами промислової електроніки',53,13,1,2,0),(168,'Металоріжучі інструменти',15,16,0,3,0),(169,'Спеціальна технологія',29,13,0,10,0),(170,'Допуски, посадки та технічні вимірювання',46,24,1,4,0),(171,'Читання креслень',46,24,1,6,0),(172,'Основи ринкової економіки, підприємництва та енергоменеджменту',47,34,0,2,0),(173,'Будова, технічне обслуговування та ремонт промислового устаткування',53,13,0,20,0),(174,'Основи технічної механіки',43,33,0,2,0),(175,'Основи слюсарної справи',43,22,0,4,0),(176,'Енергозберігаючі технології',43,21,0,2,0),(177,'Технологія лицювально-плиткових робіт',55,31,0,10,0),(178,'Основи гідравліки та механіки',15,16,1,6,0),(179,'Електротехніка з основами промислової електроніки',53,13,1,4,0),(180,'Матеріали та технологія машинобудування',15,16,1,6,0),(181,'Будова і правила керування верстатами з програмним керуванням та їх налагодження',32,25,0,10,0),(182,'Основи професійної етики',41,37,0,4,0),(183,'Державна кваліфікаційна атестація',67,48,0,40,0),(184,'Виробниче навчання на торговельному підприємстві',66,56,1,30,1),(185,'Основи ділового спілкування',26,15,0,8,0),(186,'Документаційне забезпечення управління',13,44,0,4,0),(187,'Організація обслуговування відвідувачів',42,46,1,2,0),(188,'Основи рекламного маркетингу і дизайну',46,24,0,2,0),(189,'Українське ділове мовлення і редагування службових документів',30,22,0,4,0),(190,'Основи професійної етики та психологія роботи з людьми',26,21,0,2,0),(191,'Виробниче навчання на виробництві',66,56,1,30,1),(192,'Основи галузевої економіки та підприємництва',47,47,0,3,0),(193,'Спецмалювання',39,45,1,4,0),(194,'Основи ринкової економіки',60,21,0,4,0),(195,'Технічне креслення',46,24,1,4,0);
/*!40000 ALTER TABLE `subjects` ENABLE KEYS */;
UNLOCK TABLES;

--
-- Table structure for table `teacher_meta`
--

DROP TABLE IF EXISTS `teacher_meta`;
/*!40101 SET @saved_cs_client     = @@character_set_client */;
/*!40101 SET character_set_client = utf8 */;
CREATE TABLE `teacher_meta` (
  `id` int(11) NOT NULL AUTO_INCREMENT,
  `user_id` int(11) NOT NULL,
  `teacher_type` int(11) NOT NULL,
  `rank_id` int(11) NOT NULL,
  `degree_id` int(11) NOT NULL,
  `skill_id` int(11) NOT NULL,
  `hours` int(11) NOT NULL,
  `montshours` int(11) NOT NULL,
  `monday` tinyint(1) NOT NULL,
  `tuesday` tinyint(1) NOT NULL,
  `wednesday` tinyint(1) NOT NULL,
  `thursday` tinyint(1) NOT NULL,
  `friday` tinyint(1) NOT NULL,
  `saturday` tinyint(1) NOT NULL,
  `sunday` tinyint(1) NOT NULL,
  PRIMARY KEY (`id`),
  KEY `teacher_meta_FK1` (`user_id`),
  KEY `rank_id` (`rank_id`),
  KEY `degree_id` (`degree_id`,`skill_id`),
  KEY `degree_id_2` (`degree_id`),
  KEY `teacher_meta_FK4` (`skill_id`),
  CONSTRAINT `teacher_meta_FK1` FOREIGN KEY (`user_id`) REFERENCES `user` (`id`),
  CONSTRAINT `teacher_meta_FK2` FOREIGN KEY (`rank_id`) REFERENCES `rank` (`ID`),
  CONSTRAINT `teacher_meta_FK3` FOREIGN KEY (`degree_id`) REFERENCES `degree` (`ID`),
  CONSTRAINT `teacher_meta_FK4` FOREIGN KEY (`skill_id`) REFERENCES `skill` (`ID`)
) ENGINE=InnoDB AUTO_INCREMENT=62 DEFAULT CHARSET=utf8;
/*!40101 SET character_set_client = @saved_cs_client */;

--
-- Dumping data for table `teacher_meta`
--

LOCK TABLES `teacher_meta` WRITE;
/*!40000 ALTER TABLE `teacher_meta` DISABLE KEYS */;
INSERT INTO `teacher_meta` VALUES (5,10,0,13,7,3,12,48,1,1,1,1,1,0,0),(6,13,1,13,7,3,12,48,1,1,1,1,1,0,0),(7,14,1,13,7,6,40,160,1,1,1,1,1,0,0),(8,15,1,13,4,5,40,160,1,1,1,1,1,0,0),(9,12,1,13,7,3,40,160,1,1,1,1,1,0,0),(10,21,0,4,7,3,12,48,1,1,1,1,1,0,0),(11,23,0,13,7,3,12,48,1,1,1,1,1,0,0),(12,24,0,13,7,3,12,48,1,1,1,1,1,0,0),(13,25,0,13,7,3,12,48,1,1,1,1,1,0,0),(14,26,0,13,7,4,12,48,1,1,1,1,1,0,0),(15,27,1,13,7,3,9,36,1,1,1,1,1,0,0),(16,28,0,13,7,3,12,48,1,1,1,1,1,0,0),(17,29,0,13,7,3,12,48,1,1,1,1,1,0,0),(18,30,1,13,7,3,18,72,1,1,1,1,1,0,0),(19,31,0,13,7,3,12,48,1,1,1,1,1,0,0),(20,32,1,13,7,3,40,160,0,1,0,1,0,0,0),(21,33,0,13,7,3,12,48,1,1,1,1,1,0,0),(22,34,0,13,7,3,12,48,1,1,1,1,1,0,0),(23,35,2,13,7,3,40,160,1,1,1,0,1,0,0),(24,36,0,13,7,3,12,48,1,1,1,1,1,0,0),(25,37,1,13,7,3,40,160,1,1,1,1,1,0,0),(26,38,0,13,7,4,9,36,1,1,1,1,1,0,0),(27,39,2,13,7,3,40,160,1,1,0,0,0,0,0),(28,40,0,13,7,3,12,48,1,1,1,1,1,0,0),(29,41,1,13,7,4,12,48,1,1,1,1,1,0,0),(30,42,1,13,7,10,12,48,1,1,1,1,1,0,0),(31,43,1,13,7,5,18,72,1,1,1,1,1,0,0),(32,44,0,13,7,3,12,48,1,1,1,1,1,0,0),(33,45,0,13,7,3,12,48,1,1,1,1,1,0,0),(34,46,1,13,7,5,40,160,1,1,0,1,1,0,0),(35,47,1,13,7,3,18,72,1,1,1,1,1,0,0),(36,48,0,13,7,3,12,48,1,1,1,1,1,0,0),(37,49,1,11,7,6,40,160,1,1,1,1,1,0,0),(38,50,0,13,7,3,12,48,1,1,1,1,1,0,0),(39,51,0,13,7,3,12,48,1,1,1,1,1,0,0),(40,52,0,13,7,3,12,48,1,1,1,1,1,0,0),(41,53,1,13,7,4,18,72,1,1,1,1,1,0,0),(42,54,0,13,7,3,12,48,1,1,1,1,1,0,0),(43,55,1,13,7,6,18,72,1,1,1,1,1,0,0),(44,11,0,13,7,3,12,48,1,1,1,1,1,0,0),(45,56,1,11,7,6,40,160,1,1,1,1,1,0,0),(46,57,0,13,7,3,24,96,1,1,1,1,1,0,0),(47,58,0,13,7,3,12,48,1,1,1,1,1,0,0),(48,59,1,11,7,6,9,36,1,1,1,1,1,0,0),(49,60,1,13,7,3,9,36,1,1,1,1,1,0,0),(50,22,1,13,4,3,12,48,1,1,1,1,1,0,0),(51,61,2,13,7,3,40,160,1,1,1,1,1,0,0),(52,62,2,13,7,3,40,160,1,1,1,1,1,0,0),(53,63,2,13,7,10,36,144,1,1,1,1,1,0,0),(54,64,0,13,7,3,12,48,1,1,1,1,1,0,0),(55,65,0,13,7,3,12,48,1,1,1,1,1,0,0),(56,66,2,13,7,3,40,160,1,1,1,1,1,0,0),(57,67,1,13,7,3,40,160,1,1,1,1,1,0,0),(58,69,1,4,4,3,720,720,1,1,1,1,1,0,0),(59,70,2,13,7,3,180,180,1,1,1,1,1,0,0),(60,72,0,13,7,3,180,180,1,1,1,1,1,0,0),(61,79,0,4,7,10,240,240,1,1,1,1,1,0,0);
/*!40000 ALTER TABLE `teacher_meta` ENABLE KEYS */;
UNLOCK TABLES;

--
-- Table structure for table `timetable`
--

DROP TABLE IF EXISTS `timetable`;
/*!40101 SET @saved_cs_client     = @@character_set_client */;
/*!40101 SET character_set_client = utf8 */;
CREATE TABLE `timetable` (
  `id` int(11) NOT NULL AUTO_INCREMENT,
  `title` varchar(255) NOT NULL,
  `corps_id` int(11) NOT NULL,
  `audience_id` int(11) NOT NULL,
  `subjects_id` int(11) NOT NULL,
  `teacher_id` int(11) NOT NULL,
  `group_id` int(11) NOT NULL,
  `lecture_id` int(11) NOT NULL,
  `date` int(11) NOT NULL,
  `status` tinyint(1) NOT NULL,
  `half` tinyint(1) NOT NULL DEFAULT '0',
  `part_id` int(11) NOT NULL,
  `mont` int(11) NOT NULL,
  `x` int(11) NOT NULL,
  `y` int(11) NOT NULL,
  PRIMARY KEY (`id`),
  KEY `corps_id` (`corps_id`),
  KEY `audience_id` (`audience_id`),
  KEY `subjects_id` (`subjects_id`),
  KEY `teacher_id` (`teacher_id`),
  KEY `group_id` (`group_id`),
  KEY `lecture_id` (`lecture_id`),
  KEY `part_id` (`part_id`),
  KEY `part_id_2` (`part_id`),
  CONSTRAINT `schelude_FK1` FOREIGN KEY (`corps_id`) REFERENCES `corps` (`ID`),
  CONSTRAINT `schelude_FK2` FOREIGN KEY (`audience_id`) REFERENCES `audience` (`ID`),
  CONSTRAINT `schelude_FK4` FOREIGN KEY (`teacher_id`) REFERENCES `user` (`id`),
  CONSTRAINT `schelude_FK5` FOREIGN KEY (`group_id`) REFERENCES `groups` (`ID`),
  CONSTRAINT `schelude_FK6` FOREIGN KEY (`lecture_id`) REFERENCES `lecture_table` (`ID`),
  CONSTRAINT `schelude_FK7` FOREIGN KEY (`corps_id`) REFERENCES `corps` (`ID`),
  CONSTRAINT `schelude_FK8` FOREIGN KEY (`part_id`) REFERENCES `timetable_parts` (`id`)
) ENGINE=InnoDB AUTO_INCREMENT=283 DEFAULT CHARSET=utf8;
/*!40101 SET character_set_client = @saved_cs_client */;

--
-- Dumping data for table `timetable`
--

LOCK TABLES `timetable` WRITE;
/*!40000 ALTER TABLE `timetable` DISABLE KEYS */;
INSERT INTO `timetable` VALUES (114,'Інформаційні технології',12,50,13,53,50,13,1552255200,1,2,22,0,1,1),(115,'Основи ринкової економіки, підприємництва та енергоменеджменту',12,50,14,60,50,13,1552255200,1,2,22,0,1,2),(116,'Основи трудового законодавства',12,50,15,12,50,13,1552255200,1,2,22,0,1,3),(117,'Основи електротехніки',12,50,16,46,50,13,1552255200,1,2,22,0,1,4),(118,'Інформаційні технології',10,16,13,53,50,13,1552341600,1,2,22,0,2,1),(119,'Основи ринкової економіки, підприємництва та енергоменеджменту',10,16,14,60,50,13,1552341600,1,2,22,0,2,2),(120,'Основи трудового законодавства',10,16,15,12,50,13,1552341600,1,2,22,0,2,3),(121,'Основи електротехніки',10,16,16,46,50,13,1552341600,1,2,22,0,2,4),(122,'Інформаційні технології',13,40,13,53,50,13,1552428000,1,2,22,0,3,1),(123,'Основи ринкової економіки, підприємництва та енергоменеджменту',13,40,14,60,50,13,1552428000,1,2,22,0,3,2),(124,'Основи трудового законодавства',13,40,15,12,50,13,1552428000,1,2,22,0,3,3),(125,'Основи слюсарної справи',13,40,21,72,50,13,1552428000,1,2,22,0,3,4),(126,'Інформаційні технології',10,29,13,53,50,13,1552514400,1,2,22,0,4,1),(127,'Основи ринкової економіки, підприємництва та енергоменеджменту',10,29,14,60,50,13,1552514400,1,2,22,0,4,2),(128,'Основи трудового законодавства',10,29,15,12,50,13,1552514400,1,2,22,0,4,3),(129,'Основи електротехніки',10,29,16,46,50,13,1552514400,1,2,22,0,4,4),(130,'Інформаційні технології',9,13,13,53,50,13,1552600800,1,2,22,0,5,1),(131,'Основи ринкової економіки, підприємництва та енергоменеджменту',9,13,14,60,50,13,1552600800,1,2,22,0,5,2),(132,'Основи трудового законодавства',9,13,15,12,50,13,1552600800,1,2,22,0,5,3),(133,'Основи електротехніки',9,13,16,46,50,13,1552600800,1,2,22,0,5,4),(134,'Правила дорожнього руху',12,51,47,72,51,13,1552255200,1,2,22,0,1,1),(135,'Основи правових знань',12,51,46,12,51,13,1552255200,1,2,22,0,1,2),(136,'Інформаційні технології',12,51,48,53,51,13,1552255200,1,2,22,0,1,3),(137,'Технологія виготовлення трикотажних виробів та полотна ',12,51,51,45,51,13,1552255200,1,2,22,0,1,4),(138,'Основи правових знань',10,29,46,12,51,13,1552341600,1,2,22,0,2,1),(139,'Правила дорожнього руху',10,29,47,72,51,13,1552341600,1,2,22,0,2,2),(140,'Інформаційні технології',10,29,48,53,51,13,1552341600,1,2,22,0,2,3),(141,'Технологія виготовлення трикотажних виробів та полотна ',10,29,51,45,51,13,1552341600,1,2,22,0,2,4),(142,'Технологія виготовлення трикотажних виробів та полотна ',12,51,51,45,51,13,1552428000,1,2,22,0,3,1),(143,'Матеріалознавство',12,51,53,45,51,13,1552428000,1,2,22,0,3,2),(144,'Охорона праці',12,51,54,56,51,13,1552428000,1,2,22,0,3,3),(145,'Правила дорожнього руху',9,13,47,72,51,13,1552514400,1,2,22,0,4,1),(146,'Технологія виготовлення трикотажних виробів та полотна ',9,13,51,45,51,13,1552514400,1,2,22,0,4,2),(147,'Матеріалознавство',9,13,53,45,51,13,1552514400,1,2,22,0,4,3),(148,'Охорона праці',9,13,54,56,51,13,1552514400,1,2,22,0,4,4),(149,'Правила дорожнього руху',12,50,47,72,51,13,1552600800,1,2,22,0,5,1),(150,'Технологія виготовлення трикотажних виробів та полотна ',12,50,51,45,51,13,1552600800,1,2,22,0,5,2),(151,'Матеріалознавство',12,50,53,45,51,13,1552600800,1,2,22,0,5,3),(152,'Охорона праці',12,50,54,56,51,13,1552600800,1,2,22,0,5,4),(153,'Інформаційні технології',9,15,62,37,52,13,1552255200,1,2,22,0,1,1),(154,'Охорона праці',9,15,63,56,52,13,1552255200,1,2,22,0,1,2),(155,'Професійна етика',9,15,65,59,52,13,1552255200,1,2,22,0,1,3),(156,'Основи електротехніки',9,15,66,26,52,13,1552255200,1,2,22,0,1,4),(157,'Інформаційні технології',10,34,62,37,52,13,1552341600,1,2,22,0,2,1),(158,'Охорона праці',10,34,63,56,52,13,1552341600,1,2,22,0,2,2),(159,'Обладнання швейного виробництва',10,34,69,52,52,13,1552341600,1,2,22,0,2,3),(160,'Основи креслення',10,34,70,52,52,13,1552341600,1,2,22,0,2,4),(161,'Інформаційні технології',10,28,62,37,52,13,1552428000,1,2,22,0,3,1),(162,'Обладнання швейного виробництва',10,28,69,52,52,13,1552428000,1,2,22,0,3,2),(163,'Основи креслення',10,28,70,52,52,13,1552428000,1,2,22,0,3,3),(164,'Інформаційні технології',10,54,62,37,52,13,1552514400,1,2,22,0,4,1),(165,'Обладнання швейного виробництва',10,54,69,52,52,13,1552514400,1,2,22,0,4,2),(166,'Основи креслення',10,54,70,52,52,13,1552514400,1,2,22,0,4,3),(167,'Інформаційні технології',13,47,62,37,52,13,1552600800,1,2,22,0,5,1),(168,'Обладнання швейного виробництва',13,47,69,52,52,13,1552600800,1,2,22,0,5,2),(169,'Основи креслення',13,47,70,52,52,13,1552600800,1,2,22,0,5,3),(170,'Охорона праці',10,53,100,49,53,13,1552255200,1,2,22,0,1,1),(171,'Технологія зварювальних робіт',10,53,101,34,53,13,1552255200,1,2,22,0,1,2),(172,'Охорона праці',13,35,100,49,53,13,1552341600,1,2,22,0,2,1),(173,'Технологія зварювальних робіт',13,35,101,34,53,13,1552341600,1,2,22,0,2,2),(174,'Охорона праці',10,19,100,49,53,13,1552428000,1,2,22,0,3,1),(175,'Технологія зварювальних робіт',10,19,101,34,53,13,1552428000,1,2,22,0,3,2),(176,'Охорона праці',13,42,100,49,53,13,1552514400,1,2,22,0,4,1),(177,'Технологія зварювальних робіт',13,42,101,34,53,13,1552514400,1,2,22,0,4,2),(178,'Охорона праці',13,44,100,49,53,13,1552600800,1,2,22,0,5,1),(179,'Технологія зварювальних робіт',13,44,101,34,53,13,1552600800,1,2,22,0,5,2),(180,'Основи енергоефективності',10,21,143,43,54,13,1552255200,1,2,22,0,1,1),(181,'Будівельне креслення',10,21,144,43,54,13,1552255200,1,2,22,0,1,2),(182,'Технологія монтажу гіпсокартонних конструкцій',10,21,145,43,54,13,1552255200,1,2,22,0,1,3),(183,'Матеріалознавство',10,21,147,43,54,13,1552255200,1,2,22,0,1,4),(184,'Основи енергоефективності',13,47,143,43,54,13,1552341600,1,2,22,0,2,1),(185,'Будівельне креслення',13,47,144,43,54,13,1552341600,1,2,22,0,2,2),(186,'Технологія монтажу гіпсокартонних конструкцій',13,47,145,43,54,13,1552341600,1,2,22,0,2,3),(187,'Матеріалознавство',13,47,147,43,54,13,1552341600,1,2,22,0,2,4),(188,'Основи енергоефективності',10,53,143,43,54,13,1552428000,1,2,22,0,3,1),(189,'Будівельне креслення',10,53,144,43,54,13,1552428000,1,2,22,0,3,2),(190,'Технологія монтажу гіпсокартонних конструкцій',10,53,145,43,54,13,1552428000,1,2,22,0,3,3),(191,'Матеріалознавство',10,53,147,43,54,13,1552428000,1,2,22,0,3,4),(192,'Основи енергоефективності',10,16,143,43,54,13,1552514400,1,2,22,0,4,1),(193,'Будівельне креслення',10,16,144,43,54,13,1552514400,1,2,22,0,4,2),(194,'Технологія монтажу гіпсокартонних конструкцій',10,16,145,43,54,13,1552514400,1,2,22,0,4,3),(195,'Матеріалознавство',10,16,147,43,54,13,1552514400,1,2,22,0,4,4),(196,'Інформаційні технології',9,25,139,53,54,13,1552600800,1,2,22,0,5,1),(197,'Основи галузевої економіки і підприємництва',9,25,140,60,54,13,1552600800,1,2,22,0,5,2),(198,'Основи трудового законодавства',9,25,141,12,54,13,1552600800,1,2,22,0,5,3),(199,'Основи електротехніки',9,25,142,46,54,13,1552600800,1,2,22,0,5,4),(200,'Інформаційні технології',9,15,13,53,50,13,1552860000,1,2,23,0,1,1),(201,'Основи ринкової економіки, підприємництва та енергоменеджменту',9,15,14,60,50,13,1552860000,1,2,23,0,1,2),(202,'Основи трудового законодавства',9,15,15,12,50,13,1552860000,1,2,23,0,1,3),(203,'Основи електротехніки',9,15,16,46,50,13,1552860000,1,2,23,0,1,4),(204,'Інформаційні технології',13,46,13,53,50,13,1552946400,1,2,23,0,2,1),(205,'Основи ринкової економіки, підприємництва та енергоменеджменту',13,46,14,60,50,13,1552946400,1,2,23,0,2,2),(206,'Основи трудового законодавства',13,46,15,12,50,13,1552946400,1,2,23,0,2,3),(207,'Основи електротехніки',13,46,16,46,50,13,1552946400,1,2,23,0,2,4),(208,'Інформаційні технології',10,30,13,53,50,13,1553032800,1,2,23,0,3,1),(209,'Основи ринкової економіки, підприємництва та енергоменеджменту',10,30,14,60,50,13,1553032800,1,2,23,0,3,2),(210,'Основи трудового законодавства',10,30,15,12,50,13,1553032800,1,2,23,0,3,3),(211,'Основи слюсарної справи',10,30,21,72,50,13,1553032800,1,2,23,0,3,4),(212,'Інформаційні технології',9,25,13,53,50,13,1553119200,1,2,23,0,4,1),(213,'Основи ринкової економіки, підприємництва та енергоменеджменту',9,25,14,60,50,13,1553119200,1,2,23,0,4,2),(214,'Основи трудового законодавства',9,25,15,12,50,13,1553119200,1,2,23,0,4,3),(215,'Основи електротехніки',9,25,16,46,50,13,1553119200,1,2,23,0,4,4),(216,'Інформаційні технології',13,40,13,53,50,13,1553205600,1,2,23,0,5,1),(217,'Основи ринкової економіки, підприємництва та енергоменеджменту',13,40,14,60,50,13,1553205600,1,2,23,0,5,2),(218,'Основи трудового законодавства',13,40,15,12,50,13,1553205600,1,2,23,0,5,3),(219,'Основи електротехніки',13,40,16,46,50,13,1553205600,1,2,23,0,5,4),(220,'Правила дорожнього руху',10,53,47,72,51,13,1552860000,1,2,23,0,1,1),(221,'Технологія виготовлення трикотажних виробів та полотна ',10,53,51,45,51,13,1552860000,1,2,23,0,1,2),(222,'Матеріалознавство',10,53,53,45,51,13,1552860000,1,2,23,0,1,3),(223,'Охорона праці',10,53,54,56,51,13,1552860000,1,2,23,0,1,4),(224,'Основи правових знань',13,35,46,12,51,13,1552946400,1,2,23,0,2,1),(225,'Правила дорожнього руху',13,35,47,72,51,13,1552946400,1,2,23,0,2,2),(226,'Інформаційні технології',13,35,48,53,51,13,1552946400,1,2,23,0,2,3),(227,'Технологія виготовлення трикотажних виробів та полотна ',13,35,51,45,51,13,1552946400,1,2,23,0,2,4),(228,'Правила дорожнього руху',10,21,47,72,51,13,1553032800,1,2,23,0,3,1),(229,'Основи правових знань',10,21,46,12,51,13,1553032800,1,2,23,0,3,2),(230,'Інформаційні технології',10,21,48,53,51,13,1553032800,1,2,23,0,3,3),(231,'Технологія виготовлення трикотажних виробів та полотна ',10,21,51,45,51,13,1553032800,1,2,23,0,3,4),(232,'Техніка пошуку роботи',10,21,49,41,51,13,1553119200,1,2,23,0,4,1),(233,'Ділова етика і культура спілкування',10,21,50,41,51,13,1553119200,1,2,23,0,4,2),(234,'Технологія виготовлення трикотажних виробів та полотна ',10,21,51,45,51,13,1553119200,1,2,23,0,4,3),(235,'Охорона праці',10,21,54,56,51,13,1553119200,1,2,23,0,4,4),(236,'Техніка пошуку роботи',13,44,49,41,51,13,1553205600,1,2,23,0,5,1),(237,'Основи правових знань',13,44,46,12,51,13,1553205600,1,2,23,0,5,2),(238,'Інформаційні технології',13,44,48,53,51,13,1553205600,1,2,23,0,5,3),(239,'Ділова етика і культура спілкування',13,44,50,41,51,13,1553205600,1,2,23,0,5,4),(241,'Технологія зварювальних робіт',13,44,101,34,53,13,1552860000,1,2,23,0,1,2),(242,'Охорона праці',13,47,100,49,53,13,1552946400,1,2,23,0,2,1),(243,'Інформаційні технології',13,47,97,53,53,13,1552946400,1,2,23,0,2,2),(244,'Основи трудового законодавства',13,47,99,12,53,13,1552946400,1,2,23,0,2,3),(245,'Технологія зварювальних робіт',13,47,101,34,53,13,1552946400,1,2,23,0,2,4),(247,'Інформаційні технології',10,19,97,53,53,13,1553032800,1,2,23,0,3,2),(248,'Основи трудового законодавства',10,19,99,12,53,13,1553032800,1,2,23,0,3,3),(249,'Охорона праці',10,19,100,49,53,13,1553032800,1,2,23,0,3,4),(250,'Інформаційні технології',9,26,97,53,53,13,1553119200,1,2,23,0,4,1),(251,'Основи трудового законодавства',9,26,99,12,53,13,1553119200,1,2,23,0,4,2),(252,'Охорона праці',9,26,100,49,53,13,1553119200,1,2,23,0,4,3),(253,'Технологія зварювальних робіт',9,26,101,34,53,13,1553119200,1,2,23,0,4,4),(254,'Інформаційні технології',13,46,97,53,53,13,1553205600,1,2,23,0,5,1),(255,'Основи трудового законодавства',13,46,99,12,53,13,1553205600,1,2,23,0,5,2),(256,'Охорона праці',13,46,100,49,53,13,1553205600,1,2,23,0,5,3),(257,'Технологія зварювальних робіт',13,46,101,34,53,13,1553205600,1,2,23,0,5,4),(259,'Будівельне креслення',10,34,144,43,54,13,1552860000,1,2,23,0,1,2),(260,'Технологія монтажу гіпсокартонних конструкцій',10,34,145,43,54,13,1552860000,1,2,23,0,1,3),(261,'Охорона праці',10,34,146,56,54,13,1552860000,1,2,23,0,1,4),(262,'Основи електротехніки',13,44,142,46,54,13,1552946400,1,2,23,0,2,1),(263,'Інформаційні технології',13,44,139,53,54,13,1552946400,1,2,23,0,2,2),(264,'Основи галузевої економіки і підприємництва',13,44,140,60,54,13,1552946400,1,2,23,0,2,3),(265,'Основи трудового законодавства',13,44,141,12,54,13,1552946400,1,2,23,0,2,4),(266,'Основи енергоефективності',10,32,143,43,54,13,1553032800,1,2,23,0,3,1),(267,'Будівельне креслення',10,32,144,43,54,13,1553032800,1,2,23,0,3,2),(268,'Технологія монтажу гіпсокартонних конструкцій',10,32,145,43,54,13,1553032800,1,2,23,0,3,3),(269,'Матеріалознавство',10,32,147,43,54,13,1553032800,1,2,23,0,3,4),(270,'Технологія монтажу гіпсокартонних конструкцій',10,30,145,43,54,13,1553119200,1,2,23,0,4,1),(271,'Основи електротехніки',13,36,142,46,54,13,1553205600,1,2,23,0,5,1),(272,'Інформаційні технології',13,36,139,53,54,13,1553205600,1,2,23,0,5,2),(273,'Основи галузевої економіки і підприємництва',13,36,140,60,54,13,1553205600,1,2,23,0,5,3),(274,'Основи трудового законодавства',13,36,141,12,54,13,1553205600,1,2,23,0,5,4),(275,'Обладнання швейного виробництва',10,32,69,52,52,13,1552860000,1,2,23,0,1,1),(276,'Інформаційні технології',10,32,62,37,52,13,1552860000,1,2,23,0,1,2),(277,'Охорона праці',10,32,63,56,52,13,1552860000,1,2,23,0,1,3),(278,'Основи креслення',10,32,70,52,52,13,1552860000,1,2,23,0,1,4),(280,'Інформаційні технології',9,13,97,53,53,13,1553032800,1,1,23,0,3,1),(281,'Основи галузевої економіки та підприємництва',9,13,98,60,53,13,1553032800,1,1,23,0,3,1),(282,'Інформаційні технології',9,15,139,53,54,13,1552860000,1,2,23,0,1,1);
/*!40000 ALTER TABLE `timetable` ENABLE KEYS */;
UNLOCK TABLES;

--
-- Table structure for table `timetable_parts`
--

DROP TABLE IF EXISTS `timetable_parts`;
/*!40101 SET @saved_cs_client     = @@character_set_client */;
/*!40101 SET character_set_client = utf8 */;
CREATE TABLE `timetable_parts` (
  `id` int(11) NOT NULL AUTO_INCREMENT,
  `mont` int(11) NOT NULL,
  `datestart` text NOT NULL,
  `dateend` text NOT NULL,
  `cols` int(11) NOT NULL,
  `rows` int(11) NOT NULL,
  PRIMARY KEY (`id`)
) ENGINE=InnoDB AUTO_INCREMENT=26 DEFAULT CHARSET=utf8;
/*!40101 SET character_set_client = @saved_cs_client */;

--
-- Dumping data for table `timetable_parts`
--

LOCK TABLES `timetable_parts` WRITE;
/*!40000 ALTER TABLE `timetable_parts` DISABLE KEYS */;
INSERT INTO `timetable_parts` VALUES (22,32019,'1552255200','1552773600',7,4),(23,32019,'1552860000','1553378400',7,4),(24,32019,'1551823200','1553896800',25,4),(25,22019,'1549231200','1552255200',36,4);
/*!40000 ALTER TABLE `timetable_parts` ENABLE KEYS */;
UNLOCK TABLES;

--
-- Table structure for table `user`
--

DROP TABLE IF EXISTS `user`;
/*!40101 SET @saved_cs_client     = @@character_set_client */;
/*!40101 SET character_set_client = utf8 */;
CREATE TABLE `user` (
  `id` int(11) NOT NULL AUTO_INCREMENT,
  `username` varchar(255) COLLATE utf8_unicode_ci NOT NULL,
  `auth_key` varchar(32) COLLATE utf8_unicode_ci NOT NULL,
  `password_hash` varchar(255) COLLATE utf8_unicode_ci NOT NULL,
  `password_reset_token` varchar(255) COLLATE utf8_unicode_ci DEFAULT NULL,
  `email` varchar(255) COLLATE utf8_unicode_ci NOT NULL,
  `status` smallint(6) NOT NULL DEFAULT '10',
  `created_at` int(11) NOT NULL,
  `updated_at` int(11) NOT NULL,
  `role` int(11) NOT NULL DEFAULT '0',
  `firstname` text COLLATE utf8_unicode_ci NOT NULL,
  `middlename` text COLLATE utf8_unicode_ci NOT NULL,
  `lastname` text COLLATE utf8_unicode_ci NOT NULL,
  `phone` text COLLATE utf8_unicode_ci NOT NULL,
  `subscription` tinyint(1) NOT NULL DEFAULT '0',
  PRIMARY KEY (`id`),
  UNIQUE KEY `username` (`username`),
  UNIQUE KEY `email` (`email`),
  UNIQUE KEY `password_reset_token` (`password_reset_token`)
) ENGINE=InnoDB AUTO_INCREMENT=80 DEFAULT CHARSET=utf8 COLLATE=utf8_unicode_ci;
/*!40101 SET character_set_client = @saved_cs_client */;

--
-- Dumping data for table `user`
--

LOCK TABLES `user` WRITE;
/*!40000 ALTER TABLE `user` DISABLE KEYS */;
INSERT INTO `user` VALUES (1,'admin','s25EPyxvJI1OU4fT66LBpZHzQctiGPGg','$2y$13$qtBlvpo0byhFmljWkuZR5O04yfnc05sT6JMNYf4q6OQ0i9PbTcbNq',NULL,'osvita.metod@khcz.gov.ua',1,1509625461,1550585695,1,'Наталія','Валеріївна (адміністратор)','Мошенська','066-484-58-97',0),(10,'vino','FxcP6fz0ne68WEHNzZpA8HPa8hJ0CaJD','$2y$13$ZnwG9j7Vz4hlvV1PdILZV.6yyihMNY7eNjib52J6j5MvucNSlZgFi',NULL,'3@3.gov.ua',1,1521120487,1526973336,2,'Володимир','Гнатович','Величко','067-69-567-81',0),(11,'sluh2','oLr7BI7FpOYTPXiSf1vLcHivxknzez1m','$2y$13$Q2DLy.yRuEcGOqugRXbIQeYdTsSi29Txayx0cECSHGTrhJN6q3qbW',NULL,'yana.igorevnaa@gmail.com',1,1521545690,1542784351,2,'Яна','Ігорівна','Адамян','097-064-60-16',0),(12,'sluh3','5uBoISF_Aa0-cZ_HX_VcIaJT-u-DYBul','$2y$13$UKsYAMQFPzmFwIL0dj4qeOqkYGabCzZnjgu3w.g57CmXXxHEHwE6K',NULL,'irina_babaeva.edu@ukr.net',1,1521545735,1527055562,2,'Ірина','Володимирівна','Бабаєва','093-795-18-31',0),(13,'vyk1','GAqkONlh4V57MiFvVrm5zVPyExHrg0xg','$2y$13$sSgVAUWIbu7rFqW0OXDIGekmUtT73FV7lKi9fe6.tL0vhNbXCM0Yy',NULL,'alexvovk129@ukr.net',1,1521545784,1526981006,2,'Олександр','Олексійович','Вовк','099-116-94-95',0),(14,'vykl2','eWFZ5U-ZXXy5vrDVhpo9Ie3zzVWYNUeP','$2y$13$4D.7LCxI6bdBGyBJrJF0nu4iQrJ2ri1IjHxyC3K/UG0NP6ANROE2i',NULL,'khakovnatali@gmail.com',1,1521545801,1526973482,2,'Наталія','Вікторівна','Долженко','099-083-74-23',0),(15,'vykl3','wl3QOFnmeIYd6cde3aWoIUEmdOqfAGw0','$2y$13$Mkl0aR20HnBr0F6XxCHU..S9UnsJXMx1YyyNKpvSeF8otaJFMGHmy',NULL,'4@4.com',1,1521545815,1551196151,2,'Олександр','Федорович','Карпенко','050-686-67-73',0),(21,'tester27','VKps1hV3xhprUQFdMB3qEl3fIBiD8HZq','$2y$13$koIl9z5g1qgvXLos4SLBoufwvbIgIJC0AEKiO6nMX9cOCm3cQxh/q',NULL,'1@1.gov.ua',1,1522161600,1526973034,2,'Наталя','Василівна','Бутенко','095-525-52-32',0),(22,'tester28','k4jexGnORcqasUzt9JBZb80Oa6Ek4Hua','$2y$13$4EtZ1Kh4qC59qbsklcvvO.FyhFYv1CoIT.tqG7X.TrA08hErqkWCi',NULL,'svetlanaleliz13@gmail.com',1,1522161623,1526973112,2,'Світлана','Анатоліївна','Бережна','097-71-351-67',0),(23,'mast1','_FMKlPlbaAgD5dsEDE6GGDbD3Q0ewxR-','$2y$13$5mdByRiNguLZVf2ef/slHO9FrtdbOphTzk74pzEa41BvF1a93Z6Ya',NULL,'5@5.gov.ua',1,1526973884,1526973983,2,'Сергій','Володимирович','Горяінов','066-720-98-73',0),(24,'mast2','6mbej0h_bb4-3Ru4lPVt-5V3AJb7swLh','$2y$13$MHH1PsgPfZgAXMRjB.zVquuYw6jZKjBODe2ZlNFnm1XulR.BQo.Wu',NULL,'6@6.gov.ua',1,1526974080,1526974134,2,'Марина','Василівна','Євлахова','097-197-23-27',0),(25,'mast3','B_S0d0W8d4HJKC4AsxhTf1pxfHZkdxos','$2y$13$X41frjnooyKAErsiB36SCOT2eAu3CYfcPytLZ00iMOwtpFwbZBAa6',NULL,'Slava212@ukr.net',1,1526974282,1526974344,2,'Вячеслав','Володимирович','Зайцев','066-267-69-63',0),(26,'mast4','jb7wKGSF9B1w6PdK-SEr923eC_A7H7ZU','$2y$13$wGV9mw897l02ZGezWy/wvu9wRvUclITrLAT0XYsUtrQFegfVUZ97W',NULL,'cvitl2015@gmail.com',1,1526974742,1526974894,2,'Світлана','Борисівна','Кас`янова','095-786-95-03',0),(27,'vukl1','-G7SjcWFS0HSDpi1oJGVxdwqgBBA8Zpm','$2y$13$t5aRwADtrtsg7.fpENVyqOfuqWLzZ8ApzUKk9ojYwgD96zGgrb0QW',NULL,'osvita.wr@khcz.gov.ua',1,1526975216,1526975270,2,'Роман','Анатолійович','Кір\'янов','050-325-84-21',0),(28,'mast5','JF4Z2EM6lFHQN1PgnpMCCodfN7lA6Sxa','$2y$13$4vYZhfanuzjhOYCYrbL.n.qnAsHiZXHDvXcOY1lvk8KHK/ispqvAW','2Tp_Xd6p8QIuh1mhWMV22W9NiOy-G28N_1550585703','Jolka.k@ukr.net',1,1526975711,1550585703,2,'Ольга','Володимирівна','Кісельова','068-732-58-90',0),(29,'mast6','ytFKkbX3Vq4sytVI6uIDeSgsROiiP_8B','$2y$13$dmv7aTqfPCAfhs/6mPxb6.Ntu3AAX4Dhb4B4UOhqA9oXTCMDi8AFm',NULL,'6@6.com',1,1526975949,1526976135,2,'В\'ячеслав','Олександрович','Коробка','063-450-22-99',0),(30,'vykl4','V-lnFkDAdxUmOQIken0vLGwSL2IEUTQ7','$2y$13$oXKJmWg/aNOeM9F8gPlAwOCA6TTpVY62KsBUgLz3181oq/ZwI1m4S',NULL,'olkokorobka921@gmail.com',1,1526976282,1526976384,2,'Ольга','Олександрівна','Коробка','063-638-',0),(31,'mast7','De1Q7V6nZJHAviOw6NEUrcJkR6gDDvf3','$2y$13$qAeNe/slzktLdseQpU.2LO5XWXCvck7D6iM9DWyzst/PM05sAxpM2',NULL,'kudrya72@gmail.com',1,1526976597,1526989128,2,'Олена','Володимирівна','Кудря','096-765-33-82',0),(32,'vykl5','ckwiCV3ZKyngEII-WChF_LkKXmOMUmvR','$2y$13$n.SXu/j.XXNvool7y7I8yeDoKg8cr6P3Nd.xRe7bUsibTb4ZXjFUO',NULL,'5@5.com',1,1526977389,1526977502,2,'Ігор','Дмитрович','Лісовик','095-709-88-01',0),(33,'mast8','az2ztfpttNRwy4VJNbk1yBxgPUbXqDgp','$2y$13$iFunYjzXPT7GuxId4BSe5uDvbQkyY2mgJqBdcKVOko/hJZG9hmlLu',NULL,'8@8.gov.ua',1,1526980304,1526980396,2,'Єлісей','Євгенійович','Лисенко','099-054-12-89',0),(34,'mast9','cTPcn0XInRabDlrNgp2mbTvE1G_qunL5','$2y$13$Zep88OIDTcKCei2MSaxIeeav8RqLwwLBp2cl2UpuRNJFB40n5tNFm',NULL,'9@9.gov.ua',1,1526988322,1526988384,2,'Євгеній','Богданович','Логвінюк','097-030-20-70',0),(35,'vykl6','YSDEs1RNM1vtco3a7MeLrRBeT2bYVuff','$2y$13$x8IeDlhEmyDBYh7GFd43qOcVlD0RqiobK/i4szlREM5B0QtSBMhDG',NULL,'7@7.com',1,1526988909,1526988963,2,'Марина','Варткесівна','Мартіросова','097-992-31-54',0),(36,'mast10','Wa39HZkXcpxp4QEbhR4dwFbovQP8bOOB','$2y$13$AzBzYT0mn0pmj2zdtu7avumgultK5H8zd65vz8l1krXBOZxkD1rsq',NULL,'0665334983t@gmail.com',1,1526989544,1526989592,2,'Тетяна','Анатоліївна','Михайлець','066-533-49-83',0),(37,'vykl8','AVsxRe6Gp5EX6SeOtUZQ-rp03jxBSeSd','$2y$13$12iLkcVMlGKali.Y8PqwiOxsoCJAXSqJ5Ks4s3UnuONB0qpq6EXfm',NULL,'babich@yipa.edu.ua',1,1526990438,1526990497,2,'Тарас','Петрович','Бабич','096-063-42-12',0),(38,'vykl9','eSQPJ05Q5t1roDCRGSHnTYE0q3uLq0R0','$2y$13$aj9QgySyzqfI9n3rCmxL/Onk3MlG2FtW2HvbCWAUxpmQoqD2/DSVi',NULL,'nata_polis@ukr.net',1,1526990702,1526990833,2,'Наталія','Олександрівна','Мандрієвська','099-377-52-53',0),(39,'vykl10','7Y0eWg8bUm1eRs7Y1r00xVeDH1CyFlKc','$2y$13$oP8mdt3N9j3Or6JXrJe0j.n0rjBOyh2UjZ4uybfJTF1lgdTXNJnj2',NULL,'10@10.com',1,1526991157,1526991229,2,'Марина','Петрівна','Чумаченко','066-982-96-36',0),(40,'mast11','UqShGryheiCDgVMPDqEsF-aGEeVvzmIM','$2y$13$k4LIaTMrcDcbxrTMKTsC9OKtPdpq3JToKp6zJoxeZDTcoE08XOkEe',NULL,'11@11.gov.ua',1,1526993873,1527660392,2,'Дмитро','Геннадійович','Масалаб','068-879-82-43',0),(41,'vykl11','Ak5L3AUFuA3fMTU6F4xm5jnQMzdN-bDb','$2y$13$ETEuI6erPpqtpT8r9vc7WeIJ6IPJKq8byNI59uwX6yuorvFfVYdJ.',NULL,'tvsw07@bigmir.net',1,1526994091,1526994206,2,'Тамара','Василівна','Мостіпан','050-106-02-82',0),(42,'vykl12','oTKY_8Zxwv5yLa-rrAAf8iZCh-14YLCI','$2y$13$eCtNtCgojx6HMWvD7M/laO.TpXD/RXiThGeKu0ZLFUqhLr3HiBPm6',NULL,'asarova.natalija@gmail.com',1,1526994409,1526994453,2,'Наталія','Валеріївна','Мошенська','066-48-45-897',0),(43,'vykl13','IRqzFyoRRarU0ZYtHZjM3m_XNEMZYQZA','$2y$13$hLrn/pTW0LDiHkED2CjqvOHp6Dxt4aHBTdfgAUc31Q/7jfcQQq3ke',NULL,'13@13.gov.ua',1,1526994531,1526994622,2,'Сергій','Васильович','Нестеренко','095-444-76-29',0),(44,'mast12','TD1vH7UWS3aYAKumokNsvxlg6QqjkOCJ','$2y$13$n8QfRVFqrK4r20usmvITvuqCZWbgpVBLuZfwwk/vl2/xSD0HhDOBe',NULL,'12@12.com',1,1526994791,1526994845,2,'Володимир','Павлович','Овчаренко','066-304-59-12',0),(45,'mast13','RYLf9heWx9UhCNn6--5oPm1ItBWX3apn','$2y$13$daQfoaLOzMeRcvAGy3BBfey/Y1f1TIG8zSE/5iGJxj4VejL61Jb3q',NULL,'paniknit@gmail.com',1,1526994940,1526995842,2,'Марина','Григорівна','Осіпова','050-924-97-28',0),(46,'vykl14','j07XnWqxkp-CeATHQI8qti6IpJS5FO69','$2y$13$lHQc2TI8Ugccd217Er77YOq87K0DIDxLDhyvT8u/dU1WUXMlpSlK2',NULL,'parshakovaolga54@gmail.com',1,1526995230,1526995306,2,'Ольга','Миколаївна','Паршакова','097-492-06-02',0),(47,'vykl15','CDSUe2yWjW5XSKGIF3Cf5pHa0F2bAYvD','$2y$13$ml9jR8/EJcf7SmH.C/RQk.bpLnAoqUdI8U8FVjAFrfNtTLJtYGhwO',NULL,'rumshina5@mail.ru',1,1526995437,1526995515,2,'Ольга','Геннадіївна','Петренко','096-591-41-84',0),(48,'mast15','ylWR-2V_HaN4cC-kTnbQQ7SyJmsdJBjN','$2y$13$pEqhehiFW5.Z8As/XFhJweajXB9q7v2HIstj/VE.L.iH7HufEJOpe',NULL,'15@15.com',1,1526995648,1526995720,2,'Ігор','Миколайович','Рибаков','095-008-07-83',0),(49,'vykl7','x09_vorjOmcDp4wXQkkft-FrQ3g8HvdP','$2y$13$WaEQO4gA/JG4YH0y7bLyNujJ02YhJjdBl9RSzHp8pmb6E2kSIT23S',NULL,'vykl7@7.com',1,1527055060,1527055142,2,'Ольга','Вікторівна','Рибкіна','066-042-86-81',0),(50,'mast14','Gv9ZzFR8RPfsBwAF4KW35s3uR1guPaRT','$2y$13$XU8LLgQni2MgF6pPILynqu5km/9FdDKBa5xr8M/uxvXCB9hKjnFki',NULL,'el.ribalko@gmail.com',1,1527055824,1527058359,2,'Олена','Анатоліївна','Рибалко','099-326-26-70',0),(51,'mast16','tcq3w4rBbQlaMk-KWk1RlQ9BcrjAjFUR','$2y$13$Hwo.KFjW9jX/3ycafQVHYuv8zKSO/E0G7DbtGkR7HlCDBuuqJCSH6',NULL,'16@16.gov.ua',1,1527058179,1527058240,2,'Микола','Іванович','Смольняков','097-592-09-98',0),(52,'mast17','Xh0bn4C9IWMBPV2lzNC-Pzy7qS_isuKa','$2y$13$lR8qZJvj4RULv8g..3vPT.ZfwaHZIylEkj1OFDCkTOPxj2sXtw3R.',NULL,'oksana.261410@gmail.com',1,1527058462,1527058764,2,'Оксана','Юріївна','Сосницька','063-249-09-15',0),(53,'vykl16','hZpku8rJoXtZsgFesv_jk2QjmfwFYc_x','$2y$13$nuefZ7hmvNIFE/KS3rWxz.sgqrikGyNTGxC9y.nmPHTUDB6URC24a',NULL,'16@16.com',1,1527058913,1527058965,2,'Денис','Олександрович','Тесленко','098-209-78-06',0),(54,'mast18','NX-NVbwp5KZm5mWptKgO1zl60qO5SFjW','$2y$13$4vY2ype/R4yrhr4p29tQR.kdPYZGL.axUHMTT0UIYJ5xLRES73Iaq',NULL,'18@18.gov.ua',1,1527059293,1527059492,2,'Іван','Олександрович','Фащевський','066-062-11-10',0),(55,'vykl17','gCCI6fWRPlpzz7K7VRBlYMmSj35gLZxA','$2y$13$Ocm47gw/jQycWqNAO.JRQ.nuaYImyNDaftjd.Zje2GplQsOcC3xyO',NULL,'17@17.com',1,1527060079,1527060148,2,'Наталія','Іванівна','Федюк','063-248-11-16',0),(56,'vykl18','P3WFhHpGPBW1h3YJjZ0D04mlb6OQUyx4','$2y$13$h4iHVyd1CdRUuEA4mm3KWemMmyxqF1UWrWEakLtXKWg3KarVvH/dW',NULL,'valentinka7@yahoo.com',1,1527061646,1527062117,2,'Валентина','Олександрівна','Чернявська','050-167-47-33',0),(57,'mast19','U2l6tzoxy1l_FS-lzyzKbuWVi0FV9aXZ','$2y$13$HcqLOwPIvTOkrkcX70WqJuxQ6Bn2YVmkA/zvbt9/Qj0g/tGIhPsQC',NULL,'19@19.gov.ua',1,1527062407,1527062462,2,'Галина','Петрівна','Якименко','066-359-66-54',0),(58,'mast20','v8BtCv1Kha_B4Um5-eyJ7rgZKPPZRclC','$2y$13$b.itI2maqAT9Xfdhck2BJe7SA4to.QIxANAasa1NCIL784pDQVvAq',NULL,'20@20.com',1,1527062598,1527062641,2,'Петро','Олександрович','Ямников','050-636-12-51',0),(59,'vykl19','NlrHNziJjBI1L4i19CoNcb63FTBMA8rl','$2y$13$nWB1N6lsfeD8BuyvwxkAzu8dd/LqFDPj/AZnPcUtsSg0EYJMOJJh.',NULL,'yaroshlp56@mail.ru',1,1527062742,1527062785,2,'Любов','Петрівна','Ярош','095-831-45-50',0),(60,'vykl20','g783Y41-QBxJthewNytDNkkRuBvbT3kW','$2y$13$EtoLSTSej0GAlD3im0U/veUK7vZMMypJmJwyt9fRV./mFVHFYuh.u',NULL,'senenkoalena@gmail.com',1,1527062929,1527062993,2,'Олена','Олександрівна','Сененко','066-333-87-05',0),(61,'vykl21','_G20Kkmm-7-F4bcXO8swEJToTKRvzKPm','$2y$13$Beqe3OUZX/pfnRggQJMuJ.f9lzsM6MSqOwYUMhKxGeekduZZq3FDO',NULL,'21@21.com',1,1527142453,1527142546,2,'Карина','Анатоліївна','Зінченко','063-173-41-63',0),(62,'vykl22','EnRb6_YzD0LcT0iTD2708p0TmV5qWROC','$2y$13$/pJ/Yrz19xXC4fxg7iYVRu6Ol2lWQ0f3N9yNPw9cC206rN9QziLh2',NULL,'20180524101047@testmail.ua',1,1527145848,1527154061,2,'Поліна','Олесандрівна','Назаренко','050-364-79-59',0),(63,'vykl23','O-mzs5SbaVNILU2FRkxASsoKAmr0p5KQ','$2y$13$McQ4VgO/CTBamDsaUS/EgOGV8DYbUFlK52/TD6UV.7VouafvYINWK',NULL,'20180524124943@testmail.ua',1,1527155384,1527155639,2,'Катерина','Олександрівна','Кулик','068-887-84-68',0),(64,'mast21','tJACbxyQtt0AHhNONCBFkcxZsURKZWRu','$2y$13$cEnFIMXzfQ0uteURgMoCle5zItzAJXgIiYsVUbKLtEvXq.Ksq7Byq',NULL,'20180529155827@testmail.ua',1,1527598708,1527598755,2,'Володимир','Васильович','Бабаєв','067-803-96-11',0),(65,'mast22','gagKQ08TBV7UJ4VJZej5ZzjOz1pP3WDS','$2y$13$JfA4NNXh4sc6jr36FzijAuz19qvVZVou1RAyaNFNA9Exvli7pXDSW',NULL,'20180530133258@testmail.ua',1,1527676379,1527676421,2,'Яна','Володимирівна','Шаповал','123456',0),(66,'vyrobnytstvo','1VwVRMMnRGrtySoGeykGKTo6S-m8E58W','$2y$13$5S8Xgwz2YcVLssbUdhTiIuHYm0auR5J6KRuw0Nd2csGEpXSiijHdi',NULL,'20180531102354@testmail.ua',1,1527751434,1528265440,2,'виробничої','практики','Керівник','000-00-00-000',0),(67,'vykl24','y3HZ9iBxTyvA9VVKajQ7rTpDL3RX0wIR','$2y$13$QGbKdu2rmmP0s.9yJQXjqu7wDBYBGBWXCiKacPw9NNdDpd4nskoky',NULL,'20180613113417@testmail.ua',1,1528889658,1528889770,2,'кваліфікаційна','комісія','Державна','000-00-00-000',0),(68,'admin2','gWUnDTe_kbhULjKExrOatOsKArmj8qRJ','$2y$13$7ScwRgAyWTg2AsmKNFF0hefFAATPhiR1pKrHUmW.vtMn5qPiFzL9m','76P7-Qzw3KdFxNU4tfMQzktaomh1Up9B_1549010891','seryogakovalyov@gmail.com',1,1531139533,1549010891,1,'','','','',0),(69,'karpenko','PgCEpwF_4MyzkyUJBPNginCmoqCPnPnq','$2y$13$8p3h5o9hmMJXYydaDgADdO76x6cnoZIUFRR522pQe.ilvPloDW7i2',NULL,'20190226113249@testmail.ua',0,1551173569,1551198172,2,'','','тест','',0),(70,'Slivko','qLekjy9e3sZKYkhZqKZUPTEUofIG4Dxb','$2y$13$Y0E1C3ADdt/6EVbH7k9Cre.Va/YnkSxizrKrIToSllKtJwQ968yTm',NULL,'Slivko@ukr.net',1,1551196535,1551196717,2,'Тамара ','Станіславівна','Сливко','',0),(71,'Vurobnucha praktuca','1pzz1gLxdyLdOQ-J0DlOVingJ0iEMBFM','$2y$13$T/oNh8BVWOCg0vVkN7R.feEj0a3Gx2SnKL7v1KvvxblykrEJ8OSw6',NULL,'Vurobnucha_praktuca@ukr.net',1,1551197042,1551198681,2,'Практика','На робочому місці','Виробнича','',0),(72,'Tsevmenko','8vo0Q9uzCYQ9WUAcI5dIl367rizxnPKp','$2y$13$zgBHpKbfJBSdDqMsk7skeOH.eNZXgNXSBKSJgPtQrZWozPdGG98zO',NULL,'Tsevmenko@ukr.net',1,1551198081,1551198247,2,'Володимир ','Михайлович','Цевменко ','',0),(73,'Konsultatsii','SaodExFDAudG4Yx4ZsFmRM0bDxj8ToWr','$2y$13$e3Iq.75BUmbV5OCTy1357.TCQIZHoON2scY2ZR89TpwE12ErNXcqm',NULL,'Konsultatsii@ukr.net',1,1551198332,1551198384,0,'Консультації','Консультації','Консультації','',0),(74,'Zagalniiobsig','ORpe8diaK60p1LSqKmq1cG1aPvBcyzBo','$2y$13$AutXxTuLz1WsdWYTzLt23OYg4X74aMEvYOM16VUh8zglxAYGKgOUa',NULL,'Zagalniiobsig@ukr.net',1,1551198527,1551198730,2,'обсяг','навчального часу','Загальний','',0),(75,'Vurobnuchenavchanni','vO9nWonukTiN6zv8lVLB73vDDzwU2g0m','$2y$13$6XML6BTOdT8vSaeoFaZeveAGLeQzooqYJx4K1wT4kA.i6uejYY3Aa',NULL,'Vurobnuchenavchanni@ukr.net',1,1551199675,1551199723,2,'навчання ','навчання ','Виробниче','',0),(76,'Goncharova','AlhekAVzy2THv5THJnx715IAtaq3huLG','$2y$13$mERKbDrXaNvqChzqQQFPquqMFGeZ3PI6aSFbrbyOPVeHfPvTSChcy',NULL,'Goncharova@ukr.net',1,1551206537,1551206612,2,'Goncharova','Goncharova','Гончарова ','',0),(77,'SorokaV','pchR0txWYVkOoydOASnqkYFz6O5SBlsg','$2y$13$f7Wq.Qg4TxjfBbB/Df87fOvQudXiKsG.3m0f79aDG3TGMTHGelWCi',NULL,'SorokaV@ukr.net',1,1551206687,1551206724,2,'Вікторія ','Василівна','Сорока ','',0),(78,'DonetsTanya','aiGzccHVfTNY_td8E5bobbBrCFWSjpt2','$2y$13$osK9XRHWh4wt7LiMOpLycezKbl5bnAcgh05fqEuiCwdqdFxEHZ2gO',NULL,'DonetsTanya@ukr.net',1,1551209110,1551209159,2,'Тетяна ','Олександрівна','Донець','',0),(79,'Sokolov','zkH-ARSabFCv9q-Akfj6V1m9tdQofOQb','$2y$13$wOUzEGE9aBS1tkcOB5d9d.2JG9eEeqDXCBSJ9X.KozPgx/qDJN6gO',NULL,'Sokolov@ukr.net',1,1551266622,1551266761,2,'Олександр ','Євгенович','Соколов','',0);
/*!40000 ALTER TABLE `user` ENABLE KEYS */;
UNLOCK TABLES;
/*!40103 SET TIME_ZONE=@OLD_TIME_ZONE */;

/*!40101 SET SQL_MODE=@OLD_SQL_MODE */;
/*!40014 SET FOREIGN_KEY_CHECKS=@OLD_FOREIGN_KEY_CHECKS */;
/*!40014 SET UNIQUE_CHECKS=@OLD_UNIQUE_CHECKS */;
/*!40101 SET CHARACTER_SET_CLIENT=@OLD_CHARACTER_SET_CLIENT */;
/*!40101 SET CHARACTER_SET_RESULTS=@OLD_CHARACTER_SET_RESULTS */;
/*!40101 SET COLLATION_CONNECTION=@OLD_COLLATION_CONNECTION */;
/*!40111 SET SQL_NOTES=@OLD_SQL_NOTES */;

-- Dump completed on 2019-04-18 10:59:42
