-- phpMyAdmin SQL Dump
-- version 4.7.7
-- https://www.phpmyadmin.net/
--
-- Хост: 127.0.0.1:3306
-- Время создания: Янв 08 2019 г., 11:01
-- Версия сервера: 5.6.38
-- Версия PHP: 7.2.0

SET SQL_MODE = "NO_AUTO_VALUE_ON_ZERO";
SET AUTOCOMMIT = 0;
START TRANSACTION;
SET time_zone = "+00:00";


/*!40101 SET @OLD_CHARACTER_SET_CLIENT=@@CHARACTER_SET_CLIENT */;
/*!40101 SET @OLD_CHARACTER_SET_RESULTS=@@CHARACTER_SET_RESULTS */;
/*!40101 SET @OLD_COLLATION_CONNECTION=@@COLLATION_CONNECTION */;
/*!40101 SET NAMES utf8mb4 */;

--
-- База данных: `yiproject`
--

-- --------------------------------------------------------

--
-- Структура таблицы `audience`
--

CREATE TABLE `audience` (
  `ID` int(11) NOT NULL,
  `name` varchar(255) NOT NULL,
  `num` varchar(255) NOT NULL,
  `corps_id` int(11) NOT NULL
) ENGINE=InnoDB DEFAULT CHARSET=utf8;

--
-- Дамп данных таблицы `audience`
--

INSERT INTO `audience` (`ID`, `name`, `num`, `corps_id`) VALUES
(13, 'кабінет будови і правил керування верстатами з ПК', '101', 9),
(15, 'кабінет інформаційних технологій', '128', 9),
(16, 'кабінет металообробки', 'М 201', 10),
(17, '111', '111', 11),
(18, 'актова зала', '113', 9),
(19, 'М 202', 'М 202', 10),
(20, 'кабінет охорони праці', 'М 203', 10),
(21, 'М 204', 'м 204', 10),
(22, 'М 207', 'М 207', 10),
(23, 'М 109', 'М 109', 10),
(24, 'кабінет допусків, посадок та технічних вимірювань', '114', 9),
(25, 'кабінет підготовки операторів з обробки інформації та програмного забезпечення', '122', 9),
(26, 'майстерня в\'язальна', 'М 119', 9),
(27, 'майстерня токарна; фрезерна; шліфувальна; заточувальна', 'М 106', 10),
(28, 'майстерня слюсарна', 'М 107', 10),
(29, 'майстерня операторів і налагоджувальників верстатів і маніпуляторів з ПК', 'М 109', 10),
(30, 'майстерня штукатурно-малярних робіт', 'М 101', 10),
(31, 'майстерня лицювальників плиточників', 'М 118', 10),
(32, 'майстерня монтажу гіпсокартонних конструкцій', 'М 119', 10),
(33, 'М 205', 'М 205', 10),
(34, 'М 206', 'М 206', 10),
(35, 'майстерня педикюрна', '118', 13),
(36, 'майстерня манікюрна', '113', 13),
(37, 'кабінет манікюрної та педикюрної справи, матеріалознавства, основ санітарії та гігієни', '117', 13),
(38, 'майстерня косметології', '119', 13),
(39, 'майстерня перукарська', '112', 13),
(40, 'кабінет перукарської справи, матеріалознавства, основ санітарії та гігієни', '109', 13),
(41, 'майстерня швейна (кравці)', '205', 13),
(42, 'майстерня швейна (швачки)', '210', 13),
(43, 'навчальний магазин', '216-А', 13),
(44, '211', '211', 13),
(45, '212', '212', 13),
(46, '215', '215', 13),
(47, '103', '103', 13),
(48, '108', '108', 13),
(50, 'кухня-лабораторія', 'кухня-лабораторія', 12),
(51, 'навчальний готель', 'навчальний готель', 12),
(52, 'навчальна котельня', 'навчальна котельня', 17),
(53, 'майстерня електрозварювальників ручного зварювання', '108', 10),
(54, 'кабінет спецтехнологій електрозварювальників ручної зварки', '207', 10),
(55, 'майстерня вирощування садівного матеріалу винограду', 'майстерня вирощування садівного матеріалу винограду', 15),
(56, 'виробництво', 'виробництво', 16);

-- --------------------------------------------------------

--
-- Структура таблицы `corps`
--

CREATE TABLE `corps` (
  `ID` int(11) NOT NULL,
  `corps_name` varchar(255) NOT NULL,
  `location` varchar(255) NOT NULL
) ENGINE=InnoDB DEFAULT CHARSET=utf8;

--
-- Дамп данных таблицы `corps`
--

INSERT INTO `corps` (`ID`, `corps_name`, `location`) VALUES
(9, 'адміністративно-навчальний корпус', 'м. Дергачи'),
(10, 'навчально-виробничі майстерні', 'м. Дергачи'),
(11, 'навчальний корпус, м. Дергачі', 'м. Дергачи'),
(12, 'навчально-готельний комплекс', 'м. Дергачи'),
(13, 'навчальний корпус, пров. Халтуріна', 'м. Харків, пров. Халтурина, 3'),
(15, 'навчально-фермерські майстерні', 'м. Дергачі'),
(16, 'виробництво', 'м. Харків'),
(17, 'котельня', 'м. Дергачі');

-- --------------------------------------------------------

--
-- Структура таблицы `count_lecture`
--

CREATE TABLE `count_lecture` (
  `id` int(11) NOT NULL,
  `subject_id` int(11) NOT NULL,
  `group_id` int(11) NOT NULL,
  `count` int(11) NOT NULL
) ENGINE=InnoDB DEFAULT CHARSET=utf8;

-- --------------------------------------------------------

--
-- Структура таблицы `courses`
--

CREATE TABLE `courses` (
  `ID` int(11) NOT NULL,
  `name` varchar(255) NOT NULL
) ENGINE=InnoDB DEFAULT CHARSET=utf8;

--
-- Дамп данных таблицы `courses`
--

INSERT INTO `courses` (`ID`, `name`) VALUES
(170, '8262 В’язальник трикотажних виробів та полотна'),
(171, '7433 Кравець'),
(173, '7436 Швачка'),
(174, '5141 Манікюрник'),
(175, '5141 Педикюрник'),
(176, '8211 Фрезерувальник'),
(177, '8211 Токар'),
(178, '8211 Верстатник широкого профілю'),
(179, '8211 Оператор верстатів з програмним керуванням'),
(180, '7223 Налагоджувальник верстатів і маніпуляторів з програмним керуванням'),
(181, '6112 Виноградар (2 розряд)'),
(182, '5122 Кухар'),
(183, '7133 Штукатур'),
(184, '7132 Лицювальник-плиточник'),
(185, '7141 Маляр'),
(186, '7129 Монтажник гіпсокартонних конструкцій'),
(187, '7233 Слюсар-ремонтник'),
(188, '8162 Оператор котельні'),
(191, '5141 Перукар (перукар-модельєр)'),
(194, '5141 Манікюрник; Педикюрник'),
(195, '5141 Косметик'),
(196, '4211 Касир торговельного залу'),
(197, '4113 Оператор з обробки інформації та програмного забезпечення'),
(198, '4222 Адміністратор (новий ДСПТО модулі)'),
(199, '5142 Покоївка'),
(203, 'Основи бухгалтерського обліку'),
(204, 'Стратегічне планування і розвиток приватного підприємництва'),
(206, '7222 Заточувальник'),
(207, '4222 Адміністратор (старий ДСПТО БЕЗ модулей)');

-- --------------------------------------------------------

--
-- Структура таблицы `degree`
--

CREATE TABLE `degree` (
  `ID` int(11) NOT NULL,
  `degree_name` varchar(255) NOT NULL
) ENGINE=InnoDB DEFAULT CHARSET=utf8;

--
-- Дамп данных таблицы `degree`
--

INSERT INTO `degree` (`ID`, `degree_name`) VALUES
(4, 'кандидат наук'),
(5, 'доктор наук'),
(7, 'без ступеню');

-- --------------------------------------------------------

--
-- Структура таблицы `groups`
--

CREATE TABLE `groups` (
  `ID` int(11) NOT NULL,
  `name` varchar(255) NOT NULL,
  `course` int(11) NOT NULL,
  `curator` int(11) NOT NULL,
  `date_start` int(11) NOT NULL,
  `date_end` int(11) NOT NULL,
  `date_dka_1` int(11) NOT NULL,
  `date_dka_2` int(11) NOT NULL
) ENGINE=InnoDB DEFAULT CHARSET=utf8;

--
-- Дамп данных таблицы `groups`
--

INSERT INTO `groups` (`ID`, `name`, `course`, `curator`, `date_start`, `date_end`, `date_dka_1`, `date_dka_2`) VALUES
(9, '№24-ХЦ/18', 191, 36, 1522702800, 1544302800, 1546290000, 1546722000),
(28, '№20-ХЦ/18', 171, 24, 1522616400, 1521666000, 0, 0),
(32, '№28-ХЦ/18', 173, 52, 0, 0, 0, 0),
(33, '№6-ХЦ/18', 194, 11, 1544130000, 1547672400, 0, 0),
(34, '№12-ХЦ/18', 197, 28, 1540846800, 1544302800, 0, 0),
(35, '№22-ХЦ/18', 198, 30, 0, 0, 0, 0),
(36, '№23-ХЦ/18', 174, 31, 0, 0, 0, 0),
(37, '№34-ХЦ/18', 195, 57, 1522702800, 1528837200, 0, 0),
(38, '№17-ХЦ/18', 199, 50, 1516914000, 1517432400, 0, 0),
(39, '№19-ХЦ-ІН/18', 196, 42, 0, 0, 0, 0),
(40, '№7-ХЦ/18', 173, 24, 0, 0, 0, 0),
(48, 'Test Group', 182, 11, 1541019600, 1544216400, 0, 0),
(49, 'dfdfdfdfdf', 207, 15, 1543870800, 1544130000, 0, 0);

-- --------------------------------------------------------

--
-- Структура таблицы `lecture_table`
--

CREATE TABLE `lecture_table` (
  `ID` int(11) NOT NULL,
  `time_start` varchar(255) NOT NULL,
  `time_stop` varchar(255) NOT NULL,
  `corps_id` int(11) NOT NULL
) ENGINE=InnoDB DEFAULT CHARSET=utf8;

--
-- Дамп данных таблицы `lecture_table`
--

INSERT INTO `lecture_table` (`ID`, `time_start`, `time_stop`, `corps_id`) VALUES
(13, '09:00', '10:30', 13),
(39, '10:40', '12:10', 13),
(41, '12:30', '14:00', 13),
(42, '14:10', '15:40', 13),
(43, '09:00', '10:35', 9),
(44, '10:45', '12:20', 9),
(45, '12:40', '14:15', 9),
(46, '14:20', '15:55', 9),
(47, '09:00', '10:35', 10),
(48, '10:45', '12:20', 10),
(49, '12:40', '14:15', 10),
(50, '14:20', '15:55', 10),
(51, '09:00', '10:35', 12),
(52, '10:45', '12:20', 12),
(55, '12:40', '14:15', 12),
(56, '14:20', '15:55', 12),
(58, '09:00', '10:35', 11),
(59, '10:45', '12:20', 11),
(60, '12:40', '14:15', 11),
(61, '14:20', '15:55', 11),
(62, '09:00', '10:35', 15),
(63, '10:45', '12:20', 15),
(64, '12:40', '14:15', 15),
(65, '14:20', '15:55', 15),
(66, '09:00', '10:35', 17),
(67, '10:45', '12:20', 17),
(68, '12:40', '14:15', 17),
(69, '14:20', '15:55', 17);

-- --------------------------------------------------------

--
-- Структура таблицы `lessons`
--

CREATE TABLE `lessons` (
  `ID` int(11) NOT NULL,
  `course_id` int(11) NOT NULL,
  `subject_id` int(11) NOT NULL,
  `quantity` int(11) NOT NULL
) ENGINE=InnoDB DEFAULT CHARSET=utf8;

--
-- Дамп данных таблицы `lessons`
--

INSERT INTO `lessons` (`ID`, `course_id`, `subject_id`, `quantity`) VALUES
(82, 191, 33, 10),
(83, 191, 32, 8),
(84, 191, 31, 8),
(85, 191, 182, 16),
(86, 191, 122, 109),
(87, 191, 55, 46),
(88, 191, 124, 30),
(89, 191, 41, 30),
(90, 191, 30, 30),
(91, 191, 42, 192),
(92, 191, 121, 256),
(93, 174, 33, 10),
(94, 174, 32, 17),
(95, 174, 84, 17),
(96, 174, 85, 8),
(97, 174, 94, 4),
(98, 174, 30, 15),
(99, 174, 140, 62),
(100, 174, 38, 10),
(101, 174, 136, 15),
(102, 174, 137, 18),
(103, 174, 65, 180),
(104, 174, 121, 104),
(105, 194, 33, 10),
(106, 194, 32, 17),
(107, 194, 84, 17),
(108, 194, 85, 8),
(109, 194, 95, 6),
(110, 194, 27, 15),
(111, 194, 140, 62),
(112, 194, 134, 62),
(113, 194, 38, 10),
(114, 194, 136, 15),
(115, 194, 137, 18),
(116, 194, 65, 180),
(117, 194, 64, 180),
(118, 194, 121, 208),
(119, 175, 33, 10),
(120, 175, 32, 17),
(121, 175, 84, 17),
(122, 175, 87, 8),
(123, 175, 96, 4),
(124, 175, 30, 15),
(125, 175, 134, 62),
(126, 175, 58, 10),
(127, 175, 136, 15),
(128, 175, 137, 18),
(129, 175, 43, 180),
(130, 175, 121, 104),
(131, 191, 183, 8),
(132, 194, 183, 16),
(133, 174, 183, 8),
(134, 175, 183, 8),
(135, 196, 32, 17),
(136, 196, 84, 17),
(137, 196, 87, 8),
(138, 196, 33, 17),
(139, 196, 89, 14),
(140, 196, 116, 11),
(141, 196, 106, 30),
(142, 196, 27, 30),
(143, 196, 107, 14),
(144, 196, 108, 48),
(145, 196, 109, 29),
(146, 196, 110, 78),
(147, 196, 184, 66),
(148, 196, 121, 192),
(149, 196, 183, 7),
(150, 195, 33, 13),
(151, 195, 32, 13),
(152, 195, 84, 13),
(153, 195, 88, 8),
(154, 195, 94, 6),
(155, 195, 126, 144),
(156, 195, 127, 13),
(157, 195, 128, 13),
(158, 195, 129, 13),
(159, 195, 130, 13),
(160, 195, 131, 26),
(161, 195, 132, 26),
(162, 195, 59, 26),
(163, 195, 36, 10),
(164, 195, 31, 10),
(165, 195, 30, 10),
(166, 195, 43, 150),
(167, 195, 121, 360),
(168, 195, 183, 8),
(169, 198, 45, 24),
(170, 198, 84, 34),
(171, 198, 27, 30),
(172, 198, 148, 42),
(173, 198, 33, 34),
(174, 198, 149, 24),
(175, 198, 150, 60),
(176, 198, 151, 10),
(177, 198, 152, 28),
(178, 198, 153, 12),
(179, 198, 154, 8),
(180, 198, 155, 8),
(181, 198, 185, 8),
(182, 198, 63, 270),
(183, 198, 121, 504),
(184, 198, 183, 7),
(185, 207, 33, 10),
(186, 207, 32, 17),
(187, 207, 84, 34),
(188, 207, 85, 8),
(189, 207, 95, 10),
(190, 207, 186, 51),
(191, 207, 152, 68),
(192, 207, 187, 34),
(193, 207, 188, 34),
(194, 207, 189, 42),
(195, 207, 190, 34),
(196, 207, 154, 34),
(197, 207, 150, 42),
(198, 207, 27, 30),
(199, 207, 43, 204),
(200, 207, 121, 168),
(201, 207, 183, 7),
(202, 199, 84, 10),
(203, 199, 32, 10),
(204, 199, 33, 10),
(205, 199, 86, 8),
(206, 199, 117, 7),
(207, 199, 118, 50),
(208, 199, 119, 20),
(209, 199, 120, 20),
(210, 199, 27, 30),
(211, 199, 36, 10),
(212, 199, 68, 60),
(213, 199, 191, 60),
(214, 199, 121, 104),
(215, 199, 183, 7),
(216, 197, 192, 6),
(217, 197, 31, 6),
(218, 197, 30, 30),
(219, 197, 182, 6),
(220, 197, 36, 6),
(221, 197, 141, 20),
(222, 197, 147, 10),
(223, 197, 142, 51),
(224, 197, 143, 230),
(225, 197, 144, 20),
(226, 197, 145, 63),
(227, 197, 146, 10),
(228, 197, 78, 390),
(229, 197, 121, 424),
(230, 197, 183, 8),
(231, 173, 31, 4),
(232, 173, 32, 4),
(233, 173, 33, 8),
(234, 173, 30, 20),
(235, 173, 34, 4),
(236, 173, 35, 6),
(237, 173, 36, 4),
(238, 173, 37, 46),
(239, 173, 60, 16),
(240, 173, 39, 24),
(241, 173, 40, 6),
(242, 173, 41, 4),
(243, 173, 70, 150),
(244, 173, 121, 160),
(245, 173, 183, 7),
(246, 171, 45, 10),
(247, 171, 31, 10),
(248, 171, 30, 30),
(249, 171, 40, 24),
(250, 171, 33, 24),
(251, 171, 149, 10),
(252, 171, 35, 20),
(253, 171, 36, 18),
(254, 171, 82, 130),
(255, 171, 38, 50),
(256, 171, 39, 50),
(257, 171, 193, 38),
(258, 171, 83, 110),
(259, 171, 80, 378),
(260, 171, 121, 504),
(261, 171, 183, 7),
(262, 182, 33, 17),
(263, 182, 84, 17),
(264, 182, 88, 8),
(265, 182, 32, 17),
(266, 182, 96, 4),
(267, 182, 91, 6),
(268, 182, 99, 102),
(269, 182, 100, 70),
(270, 182, 101, 27),
(271, 182, 102, 27),
(272, 182, 103, 10),
(273, 182, 27, 30),
(274, 182, 77, 204),
(275, 182, 121, 344),
(276, 182, 183, 7),
(277, 188, 33, 10),
(278, 188, 84, 17),
(279, 188, 85, 8),
(280, 188, 32, 17),
(281, 188, 95, 8),
(282, 188, 111, 18),
(283, 188, 112, 28),
(284, 188, 113, 24),
(285, 188, 57, 10),
(286, 188, 114, 112),
(287, 188, 27, 30),
(288, 188, 63, 144),
(289, 188, 121, 192),
(290, 188, 183, 8),
(291, 181, 84, 10),
(292, 181, 32, 10),
(293, 181, 33, 10),
(294, 181, 86, 8),
(295, 181, 96, 2),
(296, 181, 98, 24),
(297, 181, 97, 71),
(298, 181, 27, 15),
(299, 181, 72, 120),
(300, 181, 121, 136),
(301, 181, 183, 7),
(302, 170, 32, 24),
(303, 170, 84, 27),
(304, 170, 86, 8),
(305, 170, 49, 33),
(306, 170, 95, 7),
(307, 170, 91, 8),
(308, 170, 138, 100),
(309, 170, 139, 32),
(310, 170, 38, 36),
(311, 170, 30, 40),
(312, 170, 67, 222),
(313, 170, 121, 264),
(314, 170, 183, 16),
(315, 183, 194, 8),
(316, 183, 31, 10),
(317, 183, 33, 12),
(318, 183, 159, 6),
(319, 183, 160, 76),
(320, 183, 59, 42),
(321, 183, 158, 34),
(322, 183, 36, 14),
(323, 183, 30, 30),
(324, 183, 73, 138),
(325, 183, 121, 208),
(326, 183, 183, 7),
(327, 184, 194, 10),
(328, 184, 31, 12),
(329, 184, 50, 16),
(330, 184, 176, 6),
(331, 184, 177, 78),
(332, 184, 56, 36),
(333, 184, 158, 30),
(334, 184, 36, 18),
(335, 184, 30, 30),
(336, 184, 62, 228),
(337, 184, 121, 312),
(338, 184, 183, 8),
(339, 186, 33, 8),
(340, 186, 32, 8),
(341, 186, 46, 8),
(342, 186, 36, 8),
(343, 186, 161, 19),
(344, 186, 158, 40),
(345, 186, 162, 126),
(346, 186, 27, 30),
(347, 186, 59, 44),
(348, 186, 72, 270),
(349, 186, 121, 312),
(350, 186, 183, 7),
(351, 179, 50, 18),
(352, 179, 32, 13),
(353, 179, 31, 14),
(354, 179, 27, 30),
(355, 179, 34, 6),
(356, 179, 178, 18),
(357, 179, 171, 34),
(358, 179, 179, 26),
(359, 179, 166, 18),
(360, 179, 180, 34),
(361, 179, 181, 60),
(362, 179, 75, 144),
(363, 179, 121, 240),
(364, 179, 183, 7),
(365, 176, 33, 17),
(366, 176, 32, 17),
(367, 176, 84, 17),
(368, 176, 85, 8),
(369, 176, 95, 5),
(370, 176, 92, 12),
(371, 176, 169, 102),
(372, 176, 58, 34),
(373, 176, 170, 34),
(374, 176, 27, 30),
(375, 176, 113, 17),
(376, 176, 171, 51),
(377, 176, 42, 204),
(378, 176, 121, 240),
(379, 176, 183, 7),
(380, 177, 33, 17),
(381, 177, 32, 17),
(382, 177, 84, 17),
(383, 177, 86, 8),
(384, 177, 94, 7),
(385, 177, 91, 10),
(386, 177, 114, 114),
(387, 177, 59, 24),
(388, 177, 166, 24),
(389, 177, 30, 30),
(390, 177, 179, 26),
(391, 177, 171, 27),
(392, 177, 43, 246),
(393, 177, 121, 280),
(394, 177, 183, 6),
(395, 187, 50, 10),
(396, 187, 172, 8),
(397, 187, 31, 8),
(398, 187, 36, 12),
(399, 187, 173, 108),
(400, 187, 166, 20),
(401, 187, 195, 16),
(402, 187, 174, 10),
(403, 187, 175, 20),
(404, 187, 27, 30),
(405, 187, 57, 6),
(406, 187, 77, 222),
(407, 187, 121, 360),
(408, 187, 183, 8),
(409, 178, 33, 22),
(410, 178, 32, 14),
(411, 178, 31, 6),
(412, 178, 27, 30),
(413, 178, 163, 4),
(414, 178, 164, 160),
(415, 178, 56, 38),
(416, 178, 165, 38),
(417, 178, 166, 38),
(418, 178, 167, 14),
(419, 178, 168, 26),
(420, 178, 43, 372),
(421, 178, 121, 440),
(422, 178, 183, 7),
(423, 185, 84, 25),
(424, 185, 32, 25),
(425, 185, 33, 29),
(426, 185, 85, 8),
(427, 185, 95, 4),
(428, 185, 91, 6),
(429, 185, 157, 62),
(430, 185, 38, 36),
(431, 185, 27, 45),
(432, 185, 158, 50),
(433, 185, 113, 28),
(434, 185, 80, 264),
(435, 185, 121, 336),
(436, 185, 183, 14);

-- --------------------------------------------------------

--
-- Структура таблицы `migration`
--

CREATE TABLE `migration` (
  `version` varchar(180) NOT NULL,
  `apply_time` int(11) DEFAULT NULL
) ENGINE=InnoDB DEFAULT CHARSET=utf8;

-- --------------------------------------------------------

--
-- Структура таблицы `modules`
--

CREATE TABLE `modules` (
  `ID` int(11) NOT NULL,
  `rnp_id` int(11) NOT NULL,
  `subject_id` int(11) NOT NULL,
  `column_num` int(11) NOT NULL,
  `column_plan` int(11) NOT NULL,
  `column_rep` int(11) NOT NULL
) ENGINE=InnoDB DEFAULT CHARSET=utf8;

--
-- Дамп данных таблицы `modules`
--

INSERT INTO `modules` (`ID`, `rnp_id`, `subject_id`, `column_num`, `column_plan`, `column_rep`) VALUES
(1, 1, 1, 0, 5, 5),
(2, 1, 1, 1, 5, 5),
(3, 1, 2, 0, 7, 5),
(4, 1, 2, 1, 8, 5),
(5, 1, 3, 0, 2, 5),
(6, 1, 3, 1, 2, 5),
(7, 1, 4, 0, 3, 5),
(8, 1, 4, 1, 5, 5),
(9, 2, 5, 0, 2, 2),
(10, 2, 5, 1, 2, 2),
(11, 2, 5, 2, 2, 36),
(12, 2, 6, 0, 3, 2),
(13, 2, 6, 1, 5, 2),
(14, 2, 6, 2, 1, 36),
(15, 1, 1, 2, 2, 2),
(16, 1, 2, 2, 5, 2),
(17, 1, 3, 2, 8, 2),
(18, 1, 4, 2, 10, 2),
(19, 2, 7, 0, 1, 2),
(20, 2, 7, 1, 1, 2),
(21, 2, 7, 2, 0, 36),
(22, 3, 8, 0, 6, 2);

-- --------------------------------------------------------

--
-- Структура таблицы `nakaz`
--

CREATE TABLE `nakaz` (
  `ID` int(11) NOT NULL,
  `teacher_id` int(11) NOT NULL,
  `subject_id` int(11) NOT NULL,
  `rnp_id` int(11) NOT NULL,
  `column_num` int(11) NOT NULL,
  `type` int(11) NOT NULL,
  `title` varchar(255) NOT NULL
) ENGINE=InnoDB DEFAULT CHARSET=utf8;

--
-- Дамп данных таблицы `nakaz`
--

INSERT INTO `nakaz` (`ID`, `teacher_id`, `subject_id`, `rnp_id`, `column_num`, `type`, `title`) VALUES
(1, 1, 1, 1, 0, 1, 'Наказ про педнавантаження №***-Н від **.**.**'),
(2, 10, 1, 1, 1, 2, 'Зміни 1 №***-Н від **.**.**  до наказу №***-Н від **.**.**'),
(3, 11, 2, 1, 0, 1, 'Наказ про педнавантаження №***-Н від **.**.**'),
(4, 12, 2, 1, 1, 2, 'Зміни 1 №***-Н від **.**.**  до наказу №***-Н від **.**.**'),
(5, 63, 1, 1, 2, 2, 'Зміни 2 №***-Н від **.**.**  до наказу №***-Н від **.**.**'),
(6, 64, 2, 1, 2, 2, 'Зміни 2 №***-Н від **.**.**  до наказу №***-Н від **.**.**'),
(7, 48, 3, 1, 0, 1, 'Наказ про педнавантаження №***-Н від **.**.**'),
(8, 66, 3, 1, 1, 2, 'Зміни 1 №***-Н від **.**.**  до наказу №***-Н від **.**.**'),
(9, 65, 3, 1, 2, 2, 'Зміни 2 №***-Н від **.**.**  до наказу №***-Н від **.**.**'),
(10, 1, 1, 1, 3, 2, 'Зміни 3 №***-Н від **.**.**  до наказу №***-Н від **.**.**'),
(11, 10, 2, 1, 3, 2, 'Зміни 3 №***-Н від **.**.**  до наказу №***-Н від **.**.**'),
(12, 11, 3, 1, 3, 2, 'Зміни 3 №***-Н від **.**.**  до наказу №***-Н від **.**.**'),
(13, 1, 4, 1, 0, 1, 'Наказ про педнавантаження №***-Н від **.**.**'),
(14, 10, 4, 1, 1, 2, 'Зміни 1 №***-Н від **.**.**  до наказу №***-Н від **.**.**'),
(15, 11, 4, 1, 2, 2, 'Зміни 2 №***-Н від **.**.**  до наказу №***-Н від **.**.**'),
(16, 12, 4, 1, 3, 2, 'Зміни 3 №***-Н від **.**.**  до наказу №***-Н від **.**.**'),
(17, 10, 5, 2, 0, 1, 'Нак про педнавантаження №***-Н від **.**.**'),
(18, 1, 5, 2, 1, 2, 'Зміни 4 №***-Н від **.**.**  до наказу №***-Н від **.**.**'),
(19, 11, 6, 2, 0, 1, 'Нак про педнавантаження №***-Н від **.**.**'),
(20, 12, 6, 2, 1, 2, 'Зміни 4 №***-Н від **.**.**  до наказу №***-Н від **.**.**'),
(21, 10, 7, 2, 0, 1, 'Нак про педнавантаження №***-Н від **.**.**'),
(22, 13, 7, 2, 1, 2, 'Зміни 4 №***-Н від **.**.**  до наказу №***-Н від **.**.**'),
(23, 1, 8, 3, 0, 1, 'Наказ про педнавантаження №***-Н від **.**.**');

-- --------------------------------------------------------

--
-- Структура таблицы `practice`
--

CREATE TABLE `practice` (
  `ID` int(11) NOT NULL,
  `name` varchar(255) NOT NULL,
  `master_id` int(11) NOT NULL,
  `max_week` int(255) NOT NULL,
  `audience_id` int(11) NOT NULL
) ENGINE=InnoDB DEFAULT CHARSET=utf8;

-- --------------------------------------------------------

--
-- Структура таблицы `practice_lessons`
--

CREATE TABLE `practice_lessons` (
  `ID` int(11) NOT NULL,
  `course_id` int(11) NOT NULL,
  `practice_id` int(11) NOT NULL,
  `quantity` int(11) NOT NULL
) ENGINE=InnoDB DEFAULT CHARSET=utf8;

-- --------------------------------------------------------

--
-- Структура таблицы `rank`
--

CREATE TABLE `rank` (
  `ID` int(11) NOT NULL,
  `rank_name` varchar(255) NOT NULL
) ENGINE=InnoDB DEFAULT CHARSET=utf8;

--
-- Дамп данных таблицы `rank`
--

INSERT INTO `rank` (`ID`, `rank_name`) VALUES
(4, 'майстер в/н ІІ категорії'),
(10, 'майстер в/н І категорії'),
(11, 'викладач-методист'),
(12, 'старший викладач'),
(13, 'без звання');

-- --------------------------------------------------------

--
-- Структура таблицы `rnps`
--

CREATE TABLE `rnps` (
  `ID` int(11) NOT NULL,
  `prof_id` int(11) NOT NULL
) ENGINE=InnoDB DEFAULT CHARSET=utf8;

--
-- Дамп данных таблицы `rnps`
--

INSERT INTO `rnps` (`ID`, `prof_id`) VALUES
(1, 196),
(2, 197),
(3, 207);

-- --------------------------------------------------------

--
-- Структура таблицы `rnp_subjects`
--

CREATE TABLE `rnp_subjects` (
  `ID` int(11) NOT NULL,
  `rnp_id` int(11) NOT NULL,
  `plan_all` int(11) NOT NULL,
  `title` varchar(255) NOT NULL
) ENGINE=InnoDB DEFAULT CHARSET=utf8;

--
-- Дамп данных таблицы `rnp_subjects`
--

INSERT INTO `rnp_subjects` (`ID`, `rnp_id`, `plan_all`, `title`) VALUES
(1, 1, 5, 'test1'),
(2, 1, 6, 'test3'),
(3, 1, 2, '222'),
(4, 1, 2, '1'),
(5, 2, 1, 'test1'),
(6, 2, 3, 'test3'),
(7, 2, 3, 'fgf'),
(8, 3, 12, '1');

-- --------------------------------------------------------

--
-- Структура таблицы `skill`
--

CREATE TABLE `skill` (
  `ID` int(11) NOT NULL,
  `skill_name` varchar(255) NOT NULL
) ENGINE=InnoDB DEFAULT CHARSET=utf8;

--
-- Дамп данных таблицы `skill`
--

INSERT INTO `skill` (`ID`, `skill_name`) VALUES
(3, 'спеціаліст'),
(4, 'спеціаліст ІІ категорії'),
(5, 'спеціаліст І категорії'),
(6, 'викладач вищої категорії'),
(10, 'без категорії');

-- --------------------------------------------------------

--
-- Структура таблицы `student_meta`
--

CREATE TABLE `student_meta` (
  `id` int(11) NOT NULL,
  `group_id` int(11) NOT NULL,
  `user_id` int(11) NOT NULL
) ENGINE=InnoDB DEFAULT CHARSET=utf8;

--
-- Дамп данных таблицы `student_meta`
--

INSERT INTO `student_meta` (`id`, `group_id`, `user_id`) VALUES
(4, 9, 12),
(5, 9, 21);

-- --------------------------------------------------------

--
-- Структура таблицы `subjects`
--

CREATE TABLE `subjects` (
  `ID` int(11) NOT NULL,
  `name` varchar(255) NOT NULL,
  `teacher_id` int(11) NOT NULL,
  `audience_id` int(11) NOT NULL,
  `required` tinyint(1) NOT NULL DEFAULT '1',
  `max_week` int(255) NOT NULL,
  `practice` tinyint(1) NOT NULL DEFAULT '0'
) ENGINE=InnoDB DEFAULT CHARSET=utf8;

--
-- Дамп данных таблицы `subjects`
--

INSERT INTO `subjects` (`ID`, `name`, `teacher_id`, `audience_id`, `required`, `max_week`, `practice`) VALUES
(27, 'Охорона праці', 49, 20, 1, 12, 0),
(30, 'Охорона праці', 56, 47, 0, 6, 0),
(31, 'Основи трудового законодавства', 13, 44, 0, 12, 0),
(32, 'Основи галузевої економіки і підприємництва', 47, 48, 0, 12, 0),
(33, 'Інформаційні технології', 37, 48, 0, 12, 0),
(34, 'Технології енергозбереження', 30, 47, 0, 12, 0),
(35, 'Професійна етика', 41, 44, 0, 12, 0),
(36, 'Основи електротехніки', 46, 48, 0, 12, 0),
(37, 'Технологія виготовлення швейних виробів', 14, 47, 0, 12, 0),
(38, 'Матеріалознавство', 14, 47, 0, 12, 0),
(39, 'Обладнання швейного виробництва', 14, 47, 0, 12, 0),
(40, 'Основи креслення', 52, 41, 0, 12, 0),
(41, 'Спеціальне малювання', 39, 45, 1, 12, 0),
(42, 'Виробниче навчання', 52, 42, 1, 18, 1),
(43, 'Виробниче навчання', 24, 41, 1, 18, 1),
(45, 'Основи ринкової економіки та підприємництва', 47, 40, 0, 12, 0),
(46, 'Основи трудового законодавства', 12, 33, 0, 12, 0),
(47, 'Технології енергозбереження', 53, 13, 1, 12, 0),
(48, 'Основи галузевої економіки і підприємництва', 60, 24, 0, 9, 0),
(49, 'Інформаційні технології', 38, 44, 1, 12, 0),
(50, 'Інформаційні технології', 53, 13, 1, 12, 0),
(51, 'Професійна етика', 30, 23, 0, 12, 0),
(52, 'Професійна етика', 59, 46, 0, 9, 0),
(53, 'Основи електротехніки', 26, 44, 0, 12, 0),
(54, 'Основи електротехніки', 53, 13, 1, 12, 0),
(55, 'Матеріалознавство', 15, 16, 1, 12, 0),
(56, 'Матеріалознавство', 43, 13, 0, 12, 0),
(57, 'Матеріалознавство', 55, 16, 0, 12, 0),
(58, 'Матеріалознавство', 45, 26, 0, 12, 0),
(59, 'Матеріалознавство', 61, 48, 0, 12, 0),
(60, 'Матеріалознавство', 35, 37, 0, 12, 0),
(61, 'Виробниче навчання', 25, 50, 1, 18, 1),
(62, 'Виробниче навчання', 26, 15, 0, 18, 1),
(63, 'Виробниче навчання', 57, 38, 1, 18, 1),
(64, 'Виробниче навчання у педикюрній майстерні', 11, 35, 1, 18, 1),
(65, 'Виробниче навчання у манікюрній майстерні', 31, 36, 1, 18, 1),
(66, 'Виробниче навчання', 28, 48, 1, 18, 1),
(67, 'Виробниче навчання', 36, 39, 1, 18, 1),
(68, 'Виробниче навчання в навчальному готелі', 50, 51, 0, 18, 1),
(69, 'Виробниче навчання', 64, 33, 0, 18, 1),
(70, 'Виробниче навчання', 21, 30, 1, 18, 1),
(71, 'Виробниче навчання', 23, 32, 1, 18, 1),
(72, 'Виробниче навчання', 29, 27, 0, 18, 1),
(73, 'Виробниче навчання', 33, 52, 0, 18, 1),
(74, 'Виробниче навчання', 34, 53, 1, 18, 1),
(75, 'Виробниче навчання за ЗПБ та модулем ОВПК-2', 40, 29, 0, 18, 1),
(76, 'Виробниче навчання', 44, 28, 1, 18, 1),
(77, 'Виробниче навчання', 45, 26, 1, 18, 1),
(78, 'Виробниче навчання', 48, 55, 0, 18, 1),
(79, 'Виробниче навчання', 51, 27, 0, 18, 1),
(80, 'Виробниче навчання', 54, 29, 0, 18, 1),
(81, 'Виробниче навчання', 58, 29, 0, 18, 1),
(82, 'Технологія виготовлення одягу', 14, 47, 0, 10, 0),
(83, 'Основи конструювання одягу', 14, 48, 0, 10, 0),
(84, 'Основи правових знань', 12, 21, 0, 6, 0),
(85, 'Правила дорожнього руху', 27, 23, 0, 4, 0),
(86, 'Правила дорожнього руху', 32, 25, 1, 4, 0),
(87, 'Правила дорожнього руху', 22, 21, 0, 4, 0),
(88, 'Правила дорожнього руху', 50, 44, 0, 4, 0),
(89, 'Ділова етика та культура спілкування', 30, 46, 0, 6, 0),
(90, 'Ділова етика та культура спілкування', 59, 46, 0, 6, 0),
(91, 'Ділова етика і культура спілкування', 30, 34, 0, 6, 0),
(92, 'Ділова етика і культура спілкування', 59, 22, 0, 6, 0),
(93, 'Ділова етика і культура спілкування', 41, 37, 0, 6, 0),
(94, 'Техніка пошуку роботи', 30, 21, 0, 6, 0),
(95, 'Техніка пошуку роботи', 38, 44, 0, 6, 0),
(96, 'Техніка пошуку роботи', 59, 44, 0, 6, 0),
(97, 'Виноградарство', 48, 33, 0, 12, 0),
(98, 'Основи землеробства та грунтознавства', 48, 33, 0, 8, 0),
(99, 'Технологія приготування іжї з основами товарознавства', 25, 50, 1, 10, 0),
(100, 'Устаткування підприємств харчування', 25, 50, 1, 8, 0),
(101, 'Гігієна та санітарія виробництва', 22, 22, 0, 2, 0),
(102, 'Організація виробництва та обслуговування', 25, 50, 1, 2, 0),
(103, 'Облік, калькуляція та звітність', 25, 50, 1, 2, 0),
(104, 'Інформаційні технології', 42, 44, 1, 2, 0),
(105, 'Основи бухгалтерського обліку', 47, 46, 0, 2, 0),
(106, 'Техніка і механізація торговельних розрахунків', 42, 46, 1, 4, 0),
(107, 'Організація роботи магазину', 42, 46, 1, 2, 0),
(108, 'Основи товарознавства продовольчих товарів', 42, 46, 1, 8, 0),
(109, 'Основи товарознавства непродовольчих товарів', 42, 46, 1, 4, 0),
(110, 'Виробниче навчання в навчальному магазині', 65, 43, 1, 18, 1),
(111, 'Читання креслень і схем', 46, 24, 1, 4, 0),
(112, 'Теплотехніка', 43, 52, 0, 4, 0),
(113, 'Електротехніка', 53, 13, 1, 4, 0),
(114, 'Спецтехнологія', 15, 16, 1, 10, 0),
(115, 'Спецтехнологія', 43, 52, 0, 10, 0),
(116, 'Основи бухгалтерського обліку', 63, 48, 1, 36, 0),
(117, 'Етика ділового спілкування', 59, 37, 0, 4, 0),
(118, 'Технологія обслуговування в готелях та туристичних комплексах', 12, 44, 0, 8, 0),
(119, 'Будівлі і обладнання туристичних комплексів', 12, 48, 0, 4, 0),
(120, 'Санітарія і гігієна в підприємствах готельного типу', 12, 40, 0, 4, 0),
(121, 'Виробнича практика', 66, 56, 1, 40, 0),
(122, 'Перукарська справа', 61, 48, 0, 12, 0),
(124, 'Основи гігієни і санітарії', 42, 46, 1, 4, 0),
(125, 'Спеціальне малювання', 39, 45, 1, 5, 0),
(126, 'Косметологія', 57, 37, 0, 12, 0),
(127, 'Основи анатомії та фізіології людини', 31, 37, 0, 2, 0),
(128, 'Санітарія та гігієна', 42, 46, 0, 4, 0),
(129, 'Шкіряні хвороби', 31, 37, 0, 2, 0),
(130, 'Основи психології, професійної етики та естетики', 41, 37, 0, 3, 0),
(131, 'Основи іміджелогії та стилю', 57, 37, 0, 4, 0),
(132, 'Основи організації роботи підприємства краси', 57, 37, 0, 5, 0),
(133, 'Матеріалознавство', 57, 37, 0, 10, 0),
(134, 'Педикюрна справа', 35, 40, 0, 10, 0),
(136, 'Основи санітарії та гігієни', 42, 46, 1, 6, 0),
(137, 'Професійна етика та психологія', 41, 47, 0, 4, 0),
(138, 'Технологія виготовлення трикотажних виробів та полотна', 45, 26, 1, 10, 0),
(139, 'Обладнання', 45, 26, 1, 6, 0),
(140, 'Манікюрна справа', 35, 47, 0, 2, 0),
(141, 'Організація роботи інформаційних систем', 37, 48, 1, 20, 0),
(142, 'Програмне забезпечення', 37, 48, 1, 16, 0),
(143, 'Обробка інформації', 37, 48, 1, 24, 0),
(144, 'Мережеві системи', 37, 48, 1, 20, 0),
(145, 'Робота у мережі Internet', 37, 48, 1, 24, 0),
(146, 'Основи програмування', 37, 48, 1, 10, 0),
(147, 'Англійська мова за професійним спрямуванням', 30, 47, 0, 6, 0),
(148, 'Професійна лексика і термінологія', 30, 17, 0, 6, 0),
(149, 'Основи енергозбереження', 38, 47, 0, 4, 0),
(150, 'Іноземна мова за професійним спрямуванням', 30, 33, 0, 12, 0),
(151, 'Основи мікроекономіки та бухгалтерського обліку', 47, 34, 0, 6, 0),
(152, 'Планування, організація і технологія управління персоналом підприємства', 38, 33, 0, 12, 0),
(153, 'Основи маркетингу', 38, 34, 0, 12, 0),
(154, 'Інформаційне-комп’ютерне забезпечення управління персоналом підприємства', 37, 15, 0, 8, 0),
(155, 'Основи електронного бізнесу', 38, 33, 0, 8, 0),
(156, 'Технологія малярних робіт', 43, 30, 0, 7, 0),
(157, 'Технологія малярних робіт', 55, 30, 0, 7, 0),
(158, 'Будівельне креслення', 43, 22, 0, 4, 0),
(159, 'Енергозберігаючі технології та основи екології', 55, 23, 0, 3, 0),
(160, 'Технологія штукатурних робіт', 55, 30, 0, 10, 0),
(161, 'Основи енергоефективності', 53, 21, 0, 4, 0),
(162, 'Технологія монтажу гіпсокартонних конструкцій', 43, 32, 0, 16, 0),
(163, 'Технології енерго- та матеріалозбереження', 53, 24, 0, 2, 0),
(164, 'Технологія верстатних робіт', 54, 21, 0, 12, 0),
(165, 'Технічне креслення та читання креслень', 46, 24, 1, 4, 0),
(166, 'Допуски та технічні вимірювання', 10, 23, 0, 4, 0),
(167, 'Основи електротехніки з основами промислової електроніки', 53, 13, 1, 2, 0),
(168, 'Металоріжучі інструменти', 15, 16, 0, 3, 0),
(169, 'Спеціальна технологія', 29, 13, 0, 10, 0),
(170, 'Допуски, посадки та технічні вимірювання', 46, 24, 1, 4, 0),
(171, 'Читання креслень', 46, 24, 1, 6, 0),
(172, 'Основи ринкової економіки, підприємництва та енергоменеджменту', 47, 34, 0, 2, 0),
(173, 'Будова, технічне обслуговування та ремонт промислового устаткування', 53, 13, 0, 20, 0),
(174, 'Основи технічної механіки', 43, 33, 0, 2, 0),
(175, 'Основи слюсарної справи', 43, 22, 0, 4, 0),
(176, 'Енергозберігаючі технології', 43, 21, 0, 2, 0),
(177, 'Технологія лицювально-плиткових робіт', 55, 31, 0, 10, 0),
(178, 'Основи гідравліки та механіки', 15, 16, 1, 6, 0),
(179, 'Електротехніка з основами промислової електроніки', 53, 13, 1, 4, 0),
(180, 'Матеріали та технологія машинобудування', 15, 16, 1, 6, 0),
(181, 'Будова і правила керування верстатами з програмним керуванням та їх налагодження', 32, 25, 0, 10, 0),
(182, 'Основи професійної етики', 41, 37, 0, 4, 0),
(183, 'Державна кваліфікаційна атестація', 67, 48, 0, 40, 0),
(184, 'Виробниче навчання на торговельному підприємстві', 66, 56, 1, 30, 1),
(185, 'Основи ділового спілкування', 26, 15, 0, 8, 0),
(186, 'Документаційне забезпечення управління', 13, 44, 0, 4, 0),
(187, 'Організація обслуговування відвідувачів', 42, 46, 1, 2, 0),
(188, 'Основи рекламного маркетингу і дизайну', 46, 24, 0, 2, 0),
(189, 'Українське ділове мовлення і редагування службових документів', 30, 22, 0, 4, 0),
(190, 'Основи професійної етики та психологія роботи з людьми', 26, 21, 0, 2, 0),
(191, 'Виробниче навчання на виробництві', 66, 56, 1, 30, 1),
(192, 'Основи галузевої економіки та підприємництва', 47, 47, 0, 3, 0),
(193, 'Спецмалювання', 39, 45, 1, 4, 0),
(194, 'Основи ринкової економіки', 60, 21, 0, 4, 0),
(195, 'Технічне креслення', 46, 24, 1, 4, 0);

-- --------------------------------------------------------

--
-- Структура таблицы `teacher_meta`
--

CREATE TABLE `teacher_meta` (
  `id` int(11) NOT NULL,
  `user_id` int(11) NOT NULL,
  `teacher_type` int(11) NOT NULL,
  `rank_id` int(11) NOT NULL,
  `degree_id` int(11) NOT NULL,
  `skill_id` int(11) NOT NULL,
  `hours` int(11) NOT NULL,
  `montshours` int(11) NOT NULL,
  `monday` tinyint(1) NOT NULL,
  `tuesday` tinyint(1) NOT NULL,
  `wednesday` tinyint(1) NOT NULL,
  `thursday` tinyint(1) NOT NULL,
  `friday` tinyint(1) NOT NULL,
  `saturday` tinyint(1) NOT NULL,
  `sunday` tinyint(1) NOT NULL
) ENGINE=InnoDB DEFAULT CHARSET=utf8;

--
-- Дамп данных таблицы `teacher_meta`
--

INSERT INTO `teacher_meta` (`id`, `user_id`, `teacher_type`, `rank_id`, `degree_id`, `skill_id`, `hours`, `montshours`, `monday`, `tuesday`, `wednesday`, `thursday`, `friday`, `saturday`, `sunday`) VALUES
(5, 10, 0, 13, 7, 3, 12, 48, 1, 1, 1, 1, 1, 0, 0),
(6, 13, 1, 13, 7, 3, 12, 48, 1, 1, 1, 1, 1, 0, 0),
(7, 14, 1, 13, 7, 6, 40, 160, 1, 1, 1, 1, 1, 0, 0),
(8, 15, 1, 13, 4, 5, 40, 160, 1, 1, 1, 1, 0, 0, 0),
(9, 12, 1, 13, 7, 3, 40, 160, 1, 1, 1, 1, 1, 0, 0),
(10, 21, 0, 4, 7, 3, 12, 48, 1, 1, 1, 1, 1, 0, 0),
(11, 23, 0, 13, 7, 3, 12, 48, 1, 1, 1, 1, 1, 0, 0),
(12, 24, 0, 13, 7, 3, 12, 48, 1, 1, 1, 1, 1, 0, 0),
(13, 25, 0, 13, 7, 3, 12, 48, 1, 1, 1, 1, 1, 0, 0),
(14, 26, 0, 13, 7, 4, 12, 48, 1, 1, 1, 1, 1, 0, 0),
(15, 27, 1, 13, 7, 3, 9, 36, 1, 1, 1, 1, 1, 0, 0),
(16, 28, 0, 13, 7, 3, 12, 48, 1, 1, 1, 1, 1, 0, 0),
(17, 29, 0, 13, 7, 3, 12, 48, 1, 1, 1, 1, 1, 0, 0),
(18, 30, 1, 13, 7, 3, 18, 72, 1, 1, 1, 1, 1, 0, 0),
(19, 31, 0, 13, 7, 3, 12, 48, 1, 1, 1, 1, 1, 0, 0),
(20, 32, 1, 13, 7, 3, 40, 160, 0, 1, 0, 1, 0, 0, 0),
(21, 33, 0, 13, 7, 3, 12, 48, 1, 1, 1, 1, 1, 0, 0),
(22, 34, 0, 13, 7, 3, 12, 48, 1, 1, 1, 1, 1, 0, 0),
(23, 35, 2, 13, 7, 3, 40, 160, 1, 1, 1, 0, 1, 0, 0),
(24, 36, 0, 13, 7, 3, 12, 48, 1, 1, 1, 1, 1, 0, 0),
(25, 37, 1, 13, 7, 3, 40, 160, 1, 1, 1, 1, 1, 0, 0),
(26, 38, 0, 13, 7, 4, 9, 36, 1, 1, 1, 1, 1, 0, 0),
(27, 39, 2, 13, 7, 3, 40, 160, 1, 1, 0, 0, 0, 0, 0),
(28, 40, 0, 13, 7, 3, 12, 48, 1, 1, 1, 1, 1, 0, 0),
(29, 41, 1, 13, 7, 4, 12, 48, 1, 1, 1, 1, 1, 0, 0),
(30, 42, 1, 13, 7, 10, 12, 48, 1, 1, 1, 1, 1, 0, 0),
(31, 43, 1, 13, 7, 5, 18, 72, 1, 1, 1, 1, 1, 0, 0),
(32, 44, 0, 13, 7, 3, 12, 48, 1, 1, 1, 1, 1, 0, 0),
(33, 45, 0, 13, 7, 3, 12, 48, 1, 1, 1, 1, 1, 0, 0),
(34, 46, 1, 13, 7, 5, 40, 160, 1, 1, 0, 1, 1, 0, 0),
(35, 47, 1, 13, 7, 3, 18, 72, 1, 1, 1, 1, 1, 0, 0),
(36, 48, 0, 13, 7, 3, 12, 48, 1, 1, 1, 1, 1, 0, 0),
(37, 49, 1, 11, 7, 6, 40, 160, 1, 1, 1, 1, 1, 0, 0),
(38, 50, 0, 13, 7, 3, 12, 48, 1, 1, 1, 1, 1, 0, 0),
(39, 51, 0, 13, 7, 3, 12, 48, 1, 1, 1, 1, 1, 0, 0),
(40, 52, 0, 13, 7, 3, 12, 48, 1, 1, 1, 1, 1, 0, 0),
(41, 53, 1, 13, 7, 4, 18, 72, 1, 1, 1, 1, 1, 0, 0),
(42, 54, 0, 13, 7, 3, 12, 48, 1, 1, 1, 1, 1, 0, 0),
(43, 55, 1, 13, 7, 6, 18, 72, 1, 1, 1, 1, 1, 0, 0),
(44, 11, 0, 13, 7, 3, 12, 48, 1, 1, 1, 1, 1, 0, 0),
(45, 56, 1, 11, 7, 6, 40, 160, 1, 1, 1, 1, 1, 0, 0),
(46, 57, 0, 13, 7, 3, 24, 96, 1, 1, 1, 1, 1, 0, 0),
(47, 58, 0, 13, 7, 3, 12, 48, 1, 1, 1, 1, 1, 0, 0),
(48, 59, 1, 11, 7, 6, 9, 36, 1, 1, 1, 1, 1, 0, 0),
(49, 60, 1, 13, 7, 3, 9, 36, 1, 1, 1, 1, 1, 0, 0),
(50, 22, 1, 13, 4, 3, 12, 48, 1, 1, 1, 1, 1, 0, 0),
(51, 61, 2, 13, 7, 3, 40, 160, 1, 1, 1, 1, 1, 0, 0),
(52, 62, 2, 13, 7, 3, 40, 160, 1, 1, 1, 1, 1, 0, 0),
(53, 63, 2, 13, 7, 10, 36, 144, 1, 1, 1, 1, 1, 0, 0),
(54, 64, 0, 13, 7, 3, 12, 48, 1, 1, 1, 1, 1, 0, 0),
(55, 65, 0, 13, 7, 3, 12, 48, 1, 1, 1, 1, 1, 0, 0),
(56, 66, 2, 13, 7, 3, 40, 160, 1, 1, 1, 1, 1, 0, 0),
(57, 67, 1, 13, 7, 3, 40, 160, 1, 1, 1, 1, 1, 0, 0);

-- --------------------------------------------------------

--
-- Структура таблицы `timetable`
--

CREATE TABLE `timetable` (
  `id` int(11) NOT NULL,
  `corps_id` int(11) NOT NULL,
  `audience_id` int(11) NOT NULL,
  `subjects_id` int(11) NOT NULL,
  `teacher_id` int(11) NOT NULL,
  `group_id` int(11) NOT NULL,
  `lecture_id` int(11) NOT NULL,
  `date` int(11) NOT NULL,
  `status` tinyint(1) NOT NULL,
  `half` tinyint(1) NOT NULL DEFAULT '0',
  `part_id` int(11) NOT NULL,
  `mont` int(11) NOT NULL,
  `x` int(11) NOT NULL,
  `y` int(11) NOT NULL
) ENGINE=InnoDB DEFAULT CHARSET=utf8;

--
-- Дамп данных таблицы `timetable`
--

INSERT INTO `timetable` (`id`, `corps_id`, `audience_id`, `subjects_id`, `teacher_id`, `group_id`, `lecture_id`, `date`, `status`, `half`, `part_id`, `mont`, `x`, `y`) VALUES
(1, 13, 48, 33, 37, 49, 13, 1541538000, 1, 2, 1, 0, 1, 1),
(2, 13, 48, 32, 47, 49, 13, 1541538000, 1, 2, 1, 0, 1, 2),
(3, 13, 48, 183, 67, 49, 13, 1541538000, 1, 2, 1, 0, 1, 3),
(4, 13, 48, 33, 37, 49, 13, 1541624400, 1, 2, 1, 0, 2, 1),
(5, 13, 48, 32, 47, 49, 13, 1541624400, 1, 2, 1, 0, 2, 2),
(6, 13, 48, 183, 67, 49, 13, 1541624400, 1, 2, 1, 0, 2, 3),
(7, 13, 48, 33, 37, 49, 13, 1541710800, 1, 2, 1, 0, 3, 1),
(8, 13, 48, 32, 47, 49, 13, 1541710800, 1, 2, 1, 0, 3, 2),
(9, 13, 48, 183, 67, 49, 13, 1541710800, 1, 2, 1, 0, 3, 3),
(10, 13, 48, 33, 37, 49, 13, 1541970000, 1, 2, 1, 0, 6, 1),
(11, 13, 48, 32, 47, 49, 13, 1541970000, 1, 2, 1, 0, 6, 2),
(12, 13, 48, 183, 67, 49, 13, 1541970000, 1, 2, 1, 0, 6, 3),
(13, 10, 21, 84, 12, 38, 13, 1539896400, 1, 2, 2, 0, 1, 1),
(14, 10, 21, 84, 12, 38, 13, 1540155600, 1, 2, 2, 0, 4, 1),
(15, 10, 21, 84, 12, 38, 13, 1540242000, 1, 2, 2, 0, 5, 1),
(16, 10, 21, 84, 12, 38, 13, 1540328400, 1, 2, 2, 0, 6, 1),
(17, 10, 21, 84, 12, 38, 13, 1540414800, 1, 2, 2, 0, 7, 1),
(18, 10, 21, 84, 12, 38, 13, 1540501200, 1, 2, 2, 0, 8, 1),
(19, 10, 21, 84, 12, 38, 13, 1540760400, 1, 2, 2, 0, 11, 1),
(20, 10, 21, 84, 12, 38, 13, 1540846800, 1, 2, 2, 0, 12, 1),
(21, 10, 21, 84, 12, 38, 13, 1540933200, 1, 2, 2, 0, 13, 1),
(22, 10, 21, 84, 12, 38, 13, 1541019600, 1, 2, 2, 0, 14, 1),
(23, 10, 21, 84, 12, 38, 13, 1541106000, 1, 2, 2, 0, 15, 1),
(24, 10, 21, 84, 12, 38, 13, 1541365200, 1, 2, 2, 0, 18, 1),
(25, 10, 21, 84, 12, 38, 13, 1541451600, 1, 2, 2, 0, 19, 1),
(26, 10, 21, 84, 12, 38, 13, 1541538000, 1, 2, 2, 0, 20, 1),
(27, 10, 21, 84, 12, 38, 13, 1541624400, 1, 2, 2, 0, 21, 1),
(28, 10, 21, 84, 12, 38, 13, 1541710800, 1, 2, 2, 0, 22, 1),
(29, 10, 21, 84, 12, 38, 13, 1541970000, 1, 2, 2, 0, 25, 1),
(30, 10, 21, 84, 12, 38, 13, 1542056400, 1, 2, 2, 0, 26, 1),
(31, 10, 21, 84, 12, 38, 13, 1542142800, 1, 2, 2, 0, 27, 1),
(32, 10, 21, 84, 12, 38, 13, 1542229200, 1, 2, 2, 0, 28, 1),
(33, 10, 21, 84, 12, 38, 13, 1542315600, 1, 2, 2, 0, 29, 1),
(34, 10, 21, 84, 12, 38, 13, 1542574800, 1, 2, 2, 0, 32, 1),
(35, 10, 21, 84, 12, 38, 13, 1542661200, 1, 2, 2, 0, 33, 1),
(36, 10, 21, 84, 12, 38, 13, 1542747600, 1, 2, 2, 0, 34, 1),
(37, 10, 21, 84, 12, 38, 13, 1542834000, 1, 2, 2, 0, 35, 1),
(38, 10, 21, 84, 12, 38, 13, 1542920400, 1, 2, 2, 0, 36, 1),
(39, 10, 21, 84, 12, 38, 13, 1543179600, 1, 2, 2, 0, 39, 1),
(40, 10, 21, 84, 12, 38, 13, 1543266000, 1, 2, 2, 0, 40, 1),
(41, 10, 21, 84, 12, 38, 13, 1543352400, 1, 2, 2, 0, 41, 1),
(42, 10, 21, 84, 12, 38, 13, 1543438800, 1, 2, 2, 0, 42, 1),
(43, 10, 21, 84, 12, 38, 13, 1543525200, 1, 2, 2, 0, 43, 1),
(44, 10, 21, 84, 12, 38, 13, 1543784400, 1, 2, 2, 0, 46, 1),
(45, 10, 21, 84, 12, 38, 13, 1543870800, 1, 2, 2, 0, 47, 1),
(46, 10, 21, 84, 12, 38, 13, 1543957200, 1, 2, 2, 0, 48, 1),
(47, 10, 21, 84, 12, 38, 13, 1544043600, 1, 2, 2, 0, 49, 1),
(48, 10, 21, 84, 12, 38, 13, 1544130000, 1, 2, 2, 0, 50, 1),
(49, 10, 21, 84, 12, 38, 13, 1544389200, 1, 2, 2, 0, 53, 1),
(50, 10, 21, 84, 12, 38, 13, 1544475600, 1, 2, 2, 0, 54, 1),
(51, 10, 21, 84, 12, 38, 13, 1544562000, 1, 2, 2, 0, 55, 1),
(52, 10, 21, 84, 12, 38, 13, 1544648400, 1, 2, 2, 0, 56, 1),
(53, 10, 21, 84, 12, 38, 13, 1544734800, 1, 2, 2, 0, 57, 1),
(54, 10, 21, 84, 12, 38, 13, 1544994000, 1, 2, 2, 0, 60, 1),
(55, 10, 21, 84, 12, 38, 13, 1545080400, 1, 2, 2, 0, 61, 1),
(56, 10, 21, 84, 12, 38, 13, 1545166800, 1, 2, 2, 0, 62, 1),
(57, 10, 21, 84, 12, 38, 13, 1545253200, 1, 2, 2, 0, 63, 1),
(58, 10, 21, 84, 12, 38, 13, 1545339600, 1, 2, 2, 0, 64, 1),
(59, 10, 21, 84, 12, 38, 13, 1545598800, 1, 2, 2, 0, 67, 1),
(60, 10, 21, 84, 12, 38, 13, 1545685200, 1, 2, 2, 0, 68, 1),
(61, 10, 21, 84, 12, 38, 13, 1545771600, 1, 2, 2, 0, 69, 1),
(62, 10, 21, 84, 12, 38, 13, 1545858000, 1, 2, 2, 0, 70, 1),
(63, 10, 21, 84, 12, 38, 13, 1545944400, 1, 2, 2, 0, 71, 1),
(64, 10, 21, 84, 12, 38, 13, 1546203600, 1, 2, 2, 0, 74, 1),
(65, 10, 21, 84, 12, 38, 13, 1546290000, 1, 2, 2, 0, 75, 1),
(66, 13, 47, 192, 47, 34, 13, 1539896400, 1, 2, 2, 0, 1, 1),
(67, 13, 47, 30, 56, 34, 13, 1539896400, 1, 2, 2, 0, 1, 2),
(68, 13, 47, 147, 30, 34, 13, 1539896400, 1, 2, 2, 0, 1, 3),
(69, 13, 47, 192, 47, 34, 13, 1540155600, 1, 2, 2, 0, 4, 1),
(70, 13, 47, 30, 56, 34, 13, 1540155600, 1, 2, 2, 0, 4, 2),
(71, 13, 47, 147, 30, 34, 13, 1540155600, 1, 2, 2, 0, 4, 3),
(72, 13, 47, 192, 47, 34, 13, 1540242000, 1, 2, 2, 0, 5, 1),
(73, 13, 47, 30, 56, 34, 13, 1540242000, 1, 2, 2, 0, 5, 2),
(74, 13, 47, 147, 30, 34, 13, 1540242000, 1, 2, 2, 0, 5, 3),
(75, 13, 47, 192, 47, 34, 13, 1540328400, 1, 2, 2, 0, 6, 1),
(76, 13, 47, 30, 56, 34, 13, 1540328400, 1, 2, 2, 0, 6, 2),
(77, 13, 47, 147, 30, 34, 13, 1540328400, 1, 2, 2, 0, 6, 3),
(78, 13, 47, 192, 47, 34, 13, 1540414800, 1, 2, 2, 0, 7, 1),
(79, 13, 47, 30, 56, 34, 13, 1540414800, 1, 2, 2, 0, 7, 2),
(80, 13, 47, 147, 30, 34, 13, 1540414800, 1, 2, 2, 0, 7, 3),
(81, 13, 47, 192, 47, 34, 13, 1540501200, 1, 2, 2, 0, 8, 1),
(82, 13, 47, 30, 56, 34, 13, 1540501200, 1, 2, 2, 0, 8, 2),
(83, 13, 47, 147, 30, 34, 13, 1540501200, 1, 2, 2, 0, 8, 3),
(84, 13, 47, 192, 47, 34, 13, 1540760400, 1, 2, 2, 0, 11, 1),
(85, 13, 47, 30, 56, 34, 13, 1540760400, 1, 2, 2, 0, 11, 2),
(86, 13, 47, 147, 30, 34, 13, 1540760400, 1, 2, 2, 0, 11, 3),
(87, 13, 47, 192, 47, 34, 13, 1540846800, 1, 2, 2, 0, 12, 1),
(88, 13, 47, 30, 56, 34, 13, 1540846800, 1, 2, 2, 0, 12, 2),
(89, 13, 47, 147, 30, 34, 13, 1540846800, 1, 2, 2, 0, 12, 3),
(90, 13, 47, 192, 47, 34, 13, 1540933200, 1, 2, 2, 0, 13, 1),
(91, 13, 47, 30, 56, 34, 13, 1540933200, 1, 2, 2, 0, 13, 2),
(92, 13, 47, 147, 30, 34, 13, 1540933200, 1, 2, 2, 0, 13, 3),
(93, 13, 47, 192, 47, 34, 13, 1541019600, 1, 2, 2, 0, 14, 1),
(94, 13, 47, 30, 56, 34, 13, 1541019600, 1, 2, 2, 0, 14, 2),
(95, 13, 47, 147, 30, 34, 13, 1541019600, 1, 2, 2, 0, 14, 3),
(96, 13, 47, 192, 47, 34, 13, 1541106000, 1, 2, 2, 0, 15, 1),
(97, 13, 47, 30, 56, 34, 13, 1541106000, 1, 2, 2, 0, 15, 2),
(98, 13, 47, 147, 30, 34, 13, 1541106000, 1, 2, 2, 0, 15, 3),
(99, 13, 47, 192, 47, 34, 13, 1541365200, 1, 2, 2, 0, 18, 1),
(100, 13, 47, 30, 56, 34, 13, 1541365200, 1, 2, 2, 0, 18, 2),
(101, 13, 47, 147, 30, 34, 13, 1541365200, 1, 2, 2, 0, 18, 3),
(102, 13, 47, 192, 47, 34, 13, 1541451600, 1, 2, 2, 0, 19, 1),
(103, 13, 47, 30, 56, 34, 13, 1541451600, 1, 2, 2, 0, 19, 2),
(104, 13, 47, 147, 30, 34, 13, 1541451600, 1, 2, 2, 0, 19, 3),
(105, 13, 47, 192, 47, 34, 13, 1541538000, 1, 2, 2, 0, 20, 1),
(106, 13, 47, 30, 56, 34, 13, 1541538000, 1, 2, 2, 0, 20, 2),
(107, 13, 48, 141, 37, 34, 13, 1541538000, 1, 2, 2, 0, 20, 4),
(108, 13, 47, 147, 30, 34, 13, 1541538000, 1, 2, 2, 0, 20, 3),
(109, 13, 47, 192, 47, 34, 13, 1541624400, 1, 2, 2, 0, 21, 1),
(110, 13, 47, 30, 56, 34, 13, 1541624400, 1, 2, 2, 0, 21, 2),
(111, 13, 48, 36, 46, 34, 13, 1541624400, 1, 2, 2, 0, 21, 4),
(112, 13, 47, 147, 30, 34, 13, 1541624400, 1, 2, 2, 0, 21, 3),
(113, 13, 47, 192, 47, 34, 13, 1541710800, 1, 2, 2, 0, 22, 1),
(114, 13, 47, 30, 56, 34, 13, 1541710800, 1, 2, 2, 0, 22, 2),
(115, 13, 48, 36, 46, 34, 13, 1541710800, 1, 2, 2, 0, 22, 4),
(116, 13, 47, 147, 30, 34, 13, 1541710800, 1, 2, 2, 0, 22, 3),
(117, 13, 47, 192, 47, 34, 13, 1541970000, 1, 2, 2, 0, 25, 1),
(118, 13, 47, 30, 56, 34, 13, 1541970000, 1, 2, 2, 0, 25, 2),
(119, 13, 48, 36, 46, 34, 13, 1541970000, 1, 2, 2, 0, 25, 4),
(120, 13, 47, 147, 30, 34, 13, 1541970000, 1, 2, 2, 0, 25, 3),
(121, 13, 47, 192, 47, 34, 13, 1542056400, 1, 2, 2, 0, 26, 1),
(122, 13, 47, 30, 56, 34, 13, 1542056400, 1, 2, 2, 0, 26, 2),
(123, 13, 47, 147, 30, 34, 13, 1542056400, 1, 2, 2, 0, 26, 3),
(124, 13, 47, 192, 47, 34, 13, 1542142800, 1, 2, 2, 0, 27, 1),
(125, 13, 47, 30, 56, 34, 13, 1542142800, 1, 2, 2, 0, 27, 2),
(126, 13, 47, 147, 30, 34, 13, 1542142800, 1, 2, 2, 0, 27, 3),
(127, 13, 47, 192, 47, 34, 13, 1542229200, 1, 2, 2, 0, 28, 1),
(128, 13, 47, 30, 56, 34, 13, 1542229200, 1, 2, 2, 0, 28, 2),
(129, 13, 47, 147, 30, 34, 13, 1542229200, 1, 2, 2, 0, 28, 3),
(130, 13, 47, 192, 47, 34, 13, 1542315600, 1, 2, 2, 0, 29, 1),
(131, 13, 47, 30, 56, 34, 13, 1542315600, 1, 2, 2, 0, 29, 2),
(132, 13, 47, 147, 30, 34, 13, 1542315600, 1, 2, 2, 0, 29, 3),
(133, 13, 47, 192, 47, 34, 13, 1542574800, 1, 2, 2, 0, 32, 1),
(134, 13, 47, 30, 56, 34, 13, 1542574800, 1, 2, 2, 0, 32, 2),
(135, 13, 47, 147, 30, 34, 13, 1542574800, 1, 2, 2, 0, 32, 3),
(136, 13, 47, 192, 47, 34, 13, 1542661200, 1, 2, 2, 0, 33, 1),
(137, 13, 47, 30, 56, 34, 13, 1542661200, 1, 2, 2, 0, 33, 2),
(138, 13, 47, 147, 30, 34, 13, 1542661200, 1, 2, 2, 0, 33, 3),
(139, 13, 47, 192, 47, 34, 13, 1542747600, 1, 2, 2, 0, 34, 1),
(140, 13, 47, 30, 56, 34, 13, 1542747600, 1, 2, 2, 0, 34, 2),
(141, 13, 47, 147, 30, 34, 13, 1542747600, 1, 2, 2, 0, 34, 3),
(142, 13, 47, 192, 47, 34, 13, 1542834000, 1, 2, 2, 0, 35, 1),
(143, 13, 47, 30, 56, 34, 13, 1542834000, 1, 2, 2, 0, 35, 2),
(144, 13, 47, 147, 30, 34, 13, 1542834000, 1, 2, 2, 0, 35, 3),
(145, 13, 47, 192, 47, 34, 13, 1542920400, 1, 2, 2, 0, 36, 1),
(146, 13, 47, 30, 56, 34, 13, 1542920400, 1, 2, 2, 0, 36, 2),
(147, 13, 47, 147, 30, 34, 13, 1542920400, 1, 2, 2, 0, 36, 3),
(148, 13, 47, 192, 47, 34, 13, 1543179600, 1, 2, 2, 0, 39, 1),
(149, 13, 47, 30, 56, 34, 13, 1543179600, 1, 2, 2, 0, 39, 2),
(150, 13, 47, 147, 30, 34, 13, 1543179600, 1, 2, 2, 0, 39, 3),
(151, 13, 47, 192, 47, 34, 13, 1543266000, 1, 2, 2, 0, 40, 1),
(152, 13, 47, 30, 56, 34, 13, 1543266000, 1, 2, 2, 0, 40, 2),
(153, 13, 47, 147, 30, 34, 13, 1543266000, 1, 2, 2, 0, 40, 3),
(154, 13, 47, 192, 47, 34, 13, 1543352400, 1, 2, 2, 0, 41, 1),
(155, 13, 47, 30, 56, 34, 13, 1543352400, 1, 2, 2, 0, 41, 2),
(156, 13, 47, 147, 30, 34, 13, 1543352400, 1, 2, 2, 0, 41, 3),
(157, 13, 47, 192, 47, 34, 13, 1543438800, 1, 2, 2, 0, 42, 1),
(158, 13, 47, 30, 56, 34, 13, 1543438800, 1, 2, 2, 0, 42, 2),
(159, 13, 47, 147, 30, 34, 13, 1543438800, 1, 2, 2, 0, 42, 3),
(160, 13, 47, 192, 47, 34, 13, 1543525200, 1, 2, 2, 0, 43, 1),
(161, 13, 47, 30, 56, 34, 13, 1543525200, 1, 2, 2, 0, 43, 2),
(162, 13, 47, 147, 30, 34, 13, 1543525200, 1, 2, 2, 0, 43, 3),
(163, 13, 47, 192, 47, 34, 13, 1543784400, 1, 2, 2, 0, 46, 1),
(164, 13, 47, 30, 56, 34, 13, 1543784400, 1, 2, 2, 0, 46, 2),
(165, 13, 47, 147, 30, 34, 13, 1543784400, 1, 2, 2, 0, 46, 3),
(166, 13, 47, 192, 47, 34, 13, 1543870800, 1, 2, 2, 0, 47, 1),
(167, 13, 47, 30, 56, 34, 13, 1543870800, 1, 2, 2, 0, 47, 2),
(168, 13, 47, 147, 30, 34, 13, 1543870800, 1, 2, 2, 0, 47, 3),
(169, 13, 47, 192, 47, 34, 13, 1543957200, 1, 2, 2, 0, 48, 1),
(170, 13, 47, 30, 56, 34, 13, 1543957200, 1, 2, 2, 0, 48, 2),
(171, 13, 47, 147, 30, 34, 13, 1543957200, 1, 2, 2, 0, 48, 3),
(172, 13, 47, 192, 47, 34, 13, 1544043600, 1, 2, 2, 0, 49, 1),
(173, 13, 47, 30, 56, 34, 13, 1544043600, 1, 2, 2, 0, 49, 2),
(174, 13, 47, 147, 30, 34, 13, 1544043600, 1, 2, 2, 0, 49, 3),
(175, 13, 47, 192, 47, 34, 13, 1544130000, 1, 2, 2, 0, 50, 1),
(176, 13, 47, 30, 56, 34, 13, 1544130000, 1, 2, 2, 0, 50, 2),
(177, 13, 47, 147, 30, 34, 13, 1544130000, 1, 2, 2, 0, 50, 3),
(178, 13, 47, 192, 47, 34, 13, 1544389200, 1, 2, 2, 0, 53, 1),
(179, 13, 47, 30, 56, 34, 13, 1544389200, 1, 2, 2, 0, 53, 2),
(180, 13, 47, 147, 30, 34, 13, 1544389200, 1, 2, 2, 0, 53, 3),
(181, 13, 47, 192, 47, 34, 13, 1544475600, 1, 2, 2, 0, 54, 1),
(182, 13, 47, 30, 56, 34, 13, 1544475600, 1, 2, 2, 0, 54, 2),
(183, 13, 47, 147, 30, 34, 13, 1544475600, 1, 2, 2, 0, 54, 3),
(184, 13, 47, 192, 47, 34, 13, 1544562000, 1, 2, 2, 0, 55, 1),
(185, 13, 47, 30, 56, 34, 13, 1544562000, 1, 2, 2, 0, 55, 2),
(186, 13, 47, 147, 30, 34, 13, 1544562000, 1, 2, 2, 0, 55, 3),
(187, 13, 47, 192, 47, 34, 13, 1544648400, 1, 2, 2, 0, 56, 1),
(188, 13, 47, 30, 56, 34, 13, 1544648400, 1, 2, 2, 0, 56, 2),
(189, 13, 47, 147, 30, 34, 13, 1544648400, 1, 2, 2, 0, 56, 3),
(190, 13, 47, 192, 47, 34, 13, 1544734800, 1, 2, 2, 0, 57, 1),
(191, 13, 47, 30, 56, 34, 13, 1544734800, 1, 2, 2, 0, 57, 2),
(192, 13, 47, 147, 30, 34, 13, 1544734800, 1, 2, 2, 0, 57, 3),
(193, 13, 47, 192, 47, 34, 13, 1544994000, 1, 2, 2, 0, 60, 1),
(194, 13, 47, 30, 56, 34, 13, 1544994000, 1, 2, 2, 0, 60, 2),
(195, 13, 47, 147, 30, 34, 13, 1544994000, 1, 2, 2, 0, 60, 3),
(196, 13, 47, 192, 47, 34, 13, 1545080400, 1, 2, 2, 0, 61, 1),
(197, 13, 47, 30, 56, 34, 13, 1545080400, 1, 2, 2, 0, 61, 2),
(198, 13, 47, 147, 30, 34, 13, 1545080400, 1, 2, 2, 0, 61, 3),
(199, 13, 47, 192, 47, 34, 13, 1545166800, 1, 2, 2, 0, 62, 1),
(200, 13, 47, 30, 56, 34, 13, 1545166800, 1, 2, 2, 0, 62, 2),
(201, 13, 47, 147, 30, 34, 13, 1545166800, 1, 2, 2, 0, 62, 3),
(202, 13, 47, 192, 47, 34, 13, 1545253200, 1, 2, 2, 0, 63, 1),
(203, 13, 47, 30, 56, 34, 13, 1545253200, 1, 2, 2, 0, 63, 2),
(204, 13, 47, 147, 30, 34, 13, 1545253200, 1, 2, 2, 0, 63, 3),
(205, 13, 47, 192, 47, 34, 13, 1545339600, 1, 2, 2, 0, 64, 1),
(206, 13, 47, 30, 56, 34, 13, 1545339600, 1, 2, 2, 0, 64, 2),
(207, 13, 47, 147, 30, 34, 13, 1545339600, 1, 2, 2, 0, 64, 3),
(208, 13, 47, 192, 47, 34, 13, 1545598800, 1, 2, 2, 0, 67, 1),
(209, 13, 47, 30, 56, 34, 13, 1545598800, 1, 2, 2, 0, 67, 2),
(210, 13, 47, 147, 30, 34, 13, 1545598800, 1, 2, 2, 0, 67, 3),
(211, 13, 47, 192, 47, 34, 13, 1545685200, 1, 2, 2, 0, 68, 1),
(212, 13, 47, 30, 56, 34, 13, 1545685200, 1, 2, 2, 0, 68, 2),
(213, 13, 47, 147, 30, 34, 13, 1545685200, 1, 2, 2, 0, 68, 3),
(214, 13, 47, 192, 47, 34, 13, 1545771600, 1, 2, 2, 0, 69, 1),
(215, 13, 47, 30, 56, 34, 13, 1545771600, 1, 2, 2, 0, 69, 2),
(216, 13, 47, 147, 30, 34, 13, 1545771600, 1, 2, 2, 0, 69, 3),
(217, 13, 47, 192, 47, 34, 13, 1545858000, 1, 2, 2, 0, 70, 1),
(218, 13, 47, 30, 56, 34, 13, 1545858000, 1, 2, 2, 0, 70, 2),
(219, 13, 47, 147, 30, 34, 13, 1545858000, 1, 2, 2, 0, 70, 3),
(220, 13, 47, 192, 47, 34, 13, 1545944400, 1, 2, 2, 0, 71, 1),
(221, 13, 47, 30, 56, 34, 13, 1545944400, 1, 2, 2, 0, 71, 2),
(222, 13, 47, 147, 30, 34, 13, 1545944400, 1, 2, 2, 0, 71, 3),
(223, 13, 47, 192, 47, 34, 13, 1546203600, 1, 2, 2, 0, 74, 1),
(224, 13, 47, 30, 56, 34, 13, 1546203600, 1, 2, 2, 0, 74, 2),
(225, 13, 47, 147, 30, 34, 13, 1546203600, 1, 2, 2, 0, 74, 3),
(226, 13, 47, 192, 47, 34, 13, 1546290000, 1, 2, 2, 0, 75, 1),
(227, 13, 47, 30, 56, 34, 13, 1546290000, 1, 2, 2, 0, 75, 2),
(228, 13, 47, 147, 30, 34, 13, 1546290000, 1, 2, 2, 0, 75, 3),
(229, 13, 48, 32, 47, 39, 13, 1540760400, 1, 2, 3, 0, 1, 1),
(230, 13, 48, 33, 37, 39, 13, 1540760400, 1, 2, 3, 0, 1, 2),
(231, 13, 48, 116, 63, 39, 13, 1540760400, 1, 2, 3, 0, 1, 3),
(232, 13, 48, 183, 67, 39, 13, 1540760400, 1, 2, 3, 0, 1, 4),
(233, 13, 48, 32, 47, 39, 13, 1540846800, 1, 2, 3, 0, 2, 1),
(234, 13, 48, 33, 37, 39, 13, 1540846800, 1, 2, 3, 0, 2, 2),
(235, 13, 48, 116, 63, 39, 13, 1540846800, 1, 2, 3, 0, 2, 3),
(236, 13, 48, 183, 67, 39, 13, 1540846800, 1, 2, 3, 0, 2, 4),
(237, 13, 48, 32, 47, 39, 13, 1540933200, 1, 2, 3, 0, 3, 1),
(238, 13, 48, 33, 37, 39, 13, 1540933200, 1, 2, 3, 0, 3, 2),
(239, 13, 48, 116, 63, 39, 13, 1540933200, 1, 2, 3, 0, 3, 3),
(240, 13, 48, 183, 67, 39, 13, 1540933200, 1, 2, 3, 0, 3, 4),
(241, 13, 48, 32, 47, 39, 13, 1541019600, 1, 2, 3, 0, 4, 1),
(242, 13, 48, 33, 37, 39, 13, 1541019600, 1, 2, 3, 0, 4, 2),
(243, 13, 48, 116, 63, 39, 13, 1541019600, 1, 2, 3, 0, 4, 3),
(244, 13, 48, 183, 67, 39, 13, 1541019600, 1, 2, 3, 0, 4, 4),
(245, 13, 48, 32, 47, 39, 13, 1541106000, 1, 2, 3, 0, 5, 1),
(246, 13, 48, 33, 37, 39, 13, 1541106000, 1, 2, 3, 0, 5, 2),
(247, 13, 48, 116, 63, 39, 13, 1541106000, 1, 2, 3, 0, 5, 3),
(248, 13, 48, 183, 67, 39, 13, 1541106000, 1, 2, 3, 0, 5, 4),
(249, 13, 48, 32, 47, 39, 13, 1541365200, 1, 2, 3, 0, 8, 1),
(250, 13, 48, 33, 37, 39, 13, 1541365200, 1, 2, 3, 0, 8, 2),
(251, 13, 48, 116, 63, 39, 13, 1541365200, 1, 2, 3, 0, 8, 3),
(252, 13, 48, 183, 67, 39, 13, 1541365200, 1, 2, 3, 0, 8, 4),
(253, 13, 48, 32, 47, 39, 13, 1541451600, 1, 2, 3, 0, 9, 1),
(254, 13, 48, 33, 37, 39, 13, 1541451600, 1, 2, 3, 0, 9, 2),
(255, 13, 48, 116, 63, 39, 13, 1541451600, 1, 2, 3, 0, 9, 3),
(256, 13, 48, 183, 67, 39, 13, 1541451600, 1, 2, 3, 0, 9, 4),
(257, 10, 21, 84, 12, 39, 13, 1541538000, 1, 2, 3, 0, 10, 2),
(258, 10, 21, 87, 22, 39, 13, 1541538000, 1, 2, 3, 0, 10, 3),
(259, 10, 20, 27, 49, 39, 13, 1541538000, 1, 2, 3, 0, 10, 1),
(260, 10, 21, 84, 12, 39, 13, 1541624400, 1, 2, 3, 0, 11, 2),
(261, 10, 21, 87, 22, 39, 13, 1541624400, 1, 2, 3, 0, 11, 3),
(262, 10, 20, 27, 49, 39, 13, 1541624400, 1, 2, 3, 0, 11, 1),
(263, 10, 21, 84, 12, 39, 13, 1541710800, 1, 2, 3, 0, 12, 2),
(264, 10, 21, 87, 22, 39, 13, 1541710800, 1, 2, 3, 0, 12, 3),
(265, 10, 20, 27, 49, 39, 13, 1541710800, 1, 2, 3, 0, 12, 1),
(266, 10, 21, 84, 12, 39, 13, 1541970000, 1, 2, 3, 0, 15, 2),
(267, 10, 21, 87, 22, 39, 13, 1541970000, 1, 2, 3, 0, 15, 3),
(268, 10, 20, 27, 49, 39, 13, 1541970000, 1, 2, 3, 0, 15, 1),
(269, 13, 48, 32, 47, 39, 13, 1542056400, 1, 2, 3, 0, 16, 1),
(270, 13, 48, 33, 37, 39, 13, 1542056400, 1, 2, 3, 0, 16, 2),
(271, 13, 48, 116, 63, 39, 13, 1542056400, 1, 2, 3, 0, 16, 3),
(272, 13, 48, 183, 67, 39, 13, 1542056400, 1, 2, 3, 0, 16, 4),
(273, 13, 48, 32, 47, 39, 13, 1542142800, 1, 2, 3, 0, 17, 1),
(274, 13, 48, 33, 37, 39, 13, 1542142800, 1, 2, 3, 0, 17, 2),
(275, 13, 48, 116, 63, 39, 13, 1542142800, 1, 2, 3, 0, 17, 3),
(276, 13, 48, 183, 67, 39, 13, 1542142800, 1, 2, 3, 0, 17, 4),
(277, 13, 48, 32, 47, 39, 13, 1542229200, 1, 2, 3, 0, 18, 1),
(278, 13, 48, 33, 37, 39, 13, 1542229200, 1, 2, 3, 0, 18, 2),
(279, 13, 48, 116, 63, 39, 13, 1542229200, 1, 2, 3, 0, 18, 3),
(280, 13, 48, 183, 67, 39, 13, 1542229200, 1, 2, 3, 0, 18, 4),
(281, 13, 48, 32, 47, 39, 13, 1542315600, 1, 2, 3, 0, 19, 1),
(282, 13, 48, 33, 37, 39, 13, 1542315600, 1, 2, 3, 0, 19, 2),
(283, 13, 48, 116, 63, 39, 13, 1542315600, 1, 2, 3, 0, 19, 3),
(284, 13, 48, 183, 67, 39, 13, 1542315600, 1, 2, 3, 0, 19, 4),
(285, 13, 48, 32, 47, 39, 13, 1542574800, 1, 2, 3, 0, 22, 1),
(286, 13, 48, 33, 37, 39, 13, 1542574800, 1, 2, 3, 0, 22, 2),
(287, 13, 48, 116, 63, 39, 13, 1542574800, 1, 2, 3, 0, 22, 3),
(288, 13, 48, 183, 67, 39, 13, 1542574800, 1, 2, 3, 0, 22, 4),
(289, 13, 48, 32, 47, 39, 13, 1542661200, 1, 2, 3, 0, 23, 1),
(290, 13, 48, 33, 37, 39, 13, 1542661200, 1, 2, 3, 0, 23, 2),
(291, 13, 48, 116, 63, 39, 13, 1542661200, 1, 2, 3, 0, 23, 3),
(292, 13, 48, 183, 67, 39, 13, 1542661200, 1, 2, 3, 0, 23, 4),
(293, 13, 48, 32, 47, 39, 13, 1542747600, 1, 2, 3, 0, 24, 1),
(294, 13, 48, 33, 37, 39, 13, 1542747600, 1, 2, 3, 0, 24, 2),
(295, 13, 48, 116, 63, 39, 13, 1542747600, 1, 2, 3, 0, 24, 3),
(296, 13, 48, 183, 67, 39, 13, 1542747600, 1, 2, 3, 0, 24, 4),
(297, 13, 48, 32, 47, 39, 13, 1542834000, 1, 2, 3, 0, 25, 1),
(298, 13, 48, 33, 37, 39, 13, 1542834000, 1, 2, 3, 0, 25, 2),
(299, 13, 48, 116, 63, 39, 13, 1542834000, 1, 2, 3, 0, 25, 3),
(300, 13, 48, 183, 67, 39, 13, 1542834000, 1, 2, 3, 0, 25, 4),
(301, 13, 48, 32, 47, 39, 13, 1542920400, 1, 2, 3, 0, 26, 1),
(302, 13, 48, 33, 37, 39, 13, 1542920400, 1, 2, 3, 0, 26, 2),
(303, 13, 48, 116, 63, 39, 13, 1542920400, 1, 2, 3, 0, 26, 3),
(304, 13, 48, 183, 67, 39, 13, 1542920400, 1, 2, 3, 0, 26, 4);

-- --------------------------------------------------------

--
-- Структура таблицы `timetable_parts`
--

CREATE TABLE `timetable_parts` (
  `id` int(11) NOT NULL,
  `mont` int(11) NOT NULL,
  `datestart` text NOT NULL,
  `dateend` text NOT NULL,
  `cols` int(11) NOT NULL,
  `rows` int(11) NOT NULL
) ENGINE=InnoDB DEFAULT CHARSET=utf8;

--
-- Дамп данных таблицы `timetable_parts`
--

INSERT INTO `timetable_parts` (`id`, `mont`, `datestart`, `dateend`, `cols`, `rows`) VALUES
(1, 112018, '1541538000', '1541970000', 6, 4),
(2, 102018, '1539896400', '1546290000', 75, 4),
(3, 102018, '1540760400', '1542920400', 26, 4),
(4, 102018, '1540760400', '1542920400', 26, 4);

-- --------------------------------------------------------

--
-- Структура таблицы `user`
--

CREATE TABLE `user` (
  `id` int(11) NOT NULL,
  `username` varchar(255) COLLATE utf8_unicode_ci NOT NULL,
  `auth_key` varchar(32) COLLATE utf8_unicode_ci NOT NULL,
  `password_hash` varchar(255) COLLATE utf8_unicode_ci NOT NULL,
  `password_reset_token` varchar(255) COLLATE utf8_unicode_ci DEFAULT NULL,
  `email` varchar(255) COLLATE utf8_unicode_ci NOT NULL,
  `status` smallint(6) NOT NULL DEFAULT '10',
  `created_at` int(11) NOT NULL,
  `updated_at` int(11) NOT NULL,
  `role` int(11) NOT NULL DEFAULT '0',
  `firstname` text COLLATE utf8_unicode_ci NOT NULL,
  `middlename` text COLLATE utf8_unicode_ci NOT NULL,
  `lastname` text COLLATE utf8_unicode_ci NOT NULL,
  `phone` text COLLATE utf8_unicode_ci NOT NULL,
  `subscription` tinyint(1) NOT NULL DEFAULT '0'
) ENGINE=InnoDB DEFAULT CHARSET=utf8 COLLATE=utf8_unicode_ci;

--
-- Дамп данных таблицы `user`
--

INSERT INTO `user` (`id`, `username`, `auth_key`, `password_hash`, `password_reset_token`, `email`, `status`, `created_at`, `updated_at`, `role`, `firstname`, `middlename`, `lastname`, `phone`, `subscription`) VALUES
(1, 'admin', 's25EPyxvJI1OU4fT66LBpZHzQctiGPGg', '$2y$13$TSi80GZ1oVNEqwqYYholMuwYkxD.DPblq.iOEnauQJLXiEOrzEb3C', NULL, 'osvita.metod@khcz.gov.ua', 1, 1509625461, 1527148421, 1, 'Наталія', 'Валеріївна (адміністратор)', 'Мошенська', '066-484-58-97', 0),
(10, 'vino', 'FxcP6fz0ne68WEHNzZpA8HPa8hJ0CaJD', '$2y$13$ZnwG9j7Vz4hlvV1PdILZV.6yyihMNY7eNjib52J6j5MvucNSlZgFi', NULL, '3@3.gov.ua', 1, 1521120487, 1526973336, 2, 'Володимир', 'Гнатович', 'Величко', '067-69-567-81', 0),
(11, 'sluh2', 'oLr7BI7FpOYTPXiSf1vLcHivxknzez1m', '$2y$13$Q2DLy.yRuEcGOqugRXbIQeYdTsSi29Txayx0cECSHGTrhJN6q3qbW', NULL, 'yana.igorevnaa@gmail.com', 1, 1521545690, 1542784351, 2, 'Яна', 'Ігорівна', 'Адамян', '097-064-60-16', 0),
(12, 'sluh3', '5uBoISF_Aa0-cZ_HX_VcIaJT-u-DYBul', '$2y$13$UKsYAMQFPzmFwIL0dj4qeOqkYGabCzZnjgu3w.g57CmXXxHEHwE6K', NULL, 'irina_babaeva.edu@ukr.net', 1, 1521545735, 1527055562, 2, 'Ірина', 'Володимирівна', 'Бабаєва', '093-795-18-31', 0),
(13, 'vyk1', 'GAqkONlh4V57MiFvVrm5zVPyExHrg0xg', '$2y$13$sSgVAUWIbu7rFqW0OXDIGekmUtT73FV7lKi9fe6.tL0vhNbXCM0Yy', NULL, 'alexvovk129@ukr.net', 1, 1521545784, 1526981006, 2, 'Олександр', 'Олексійович', 'Вовк', '099-116-94-95', 0),
(14, 'vykl2', 'eWFZ5U-ZXXy5vrDVhpo9Ie3zzVWYNUeP', '$2y$13$4D.7LCxI6bdBGyBJrJF0nu4iQrJ2ri1IjHxyC3K/UG0NP6ANROE2i', NULL, 'khakovnatali@gmail.com', 1, 1521545801, 1526973482, 2, 'Наталія', 'Вікторівна', 'Долженко', '099-083-74-23', 0),
(15, 'vykl3', 'wl3QOFnmeIYd6cde3aWoIUEmdOqfAGw0', '$2y$13$Mkl0aR20HnBr0F6XxCHU..S9UnsJXMx1YyyNKpvSeF8otaJFMGHmy', NULL, '4@4.com', 1, 1521545815, 1526973627, 2, 'Олександр', 'Федорович', 'Карпенко', '050-686-67-73', 0),
(21, 'tester27', 'VKps1hV3xhprUQFdMB3qEl3fIBiD8HZq', '$2y$13$koIl9z5g1qgvXLos4SLBoufwvbIgIJC0AEKiO6nMX9cOCm3cQxh/q', NULL, '1@1.gov.ua', 1, 1522161600, 1526973034, 2, 'Наталя', 'Василівна', 'Бутенко', '095-525-52-32', 0),
(22, 'tester28', 'k4jexGnORcqasUzt9JBZb80Oa6Ek4Hua', '$2y$13$4EtZ1Kh4qC59qbsklcvvO.FyhFYv1CoIT.tqG7X.TrA08hErqkWCi', NULL, 'svetlanaleliz13@gmail.com', 1, 1522161623, 1526973112, 2, 'Світлана', 'Анатоліївна', 'Бережна', '097-71-351-67', 0),
(23, 'mast1', '_FMKlPlbaAgD5dsEDE6GGDbD3Q0ewxR-', '$2y$13$5mdByRiNguLZVf2ef/slHO9FrtdbOphTzk74pzEa41BvF1a93Z6Ya', NULL, '5@5.gov.ua', 1, 1526973884, 1526973983, 2, 'Сергій', 'Володимирович', 'Горяінов', '066-720-98-73', 0),
(24, 'mast2', '6mbej0h_bb4-3Ru4lPVt-5V3AJb7swLh', '$2y$13$MHH1PsgPfZgAXMRjB.zVquuYw6jZKjBODe2ZlNFnm1XulR.BQo.Wu', NULL, '6@6.gov.ua', 1, 1526974080, 1526974134, 2, 'Марина', 'Василівна', 'Євлахова', '097-197-23-27', 0),
(25, 'mast3', 'B_S0d0W8d4HJKC4AsxhTf1pxfHZkdxos', '$2y$13$X41frjnooyKAErsiB36SCOT2eAu3CYfcPytLZ00iMOwtpFwbZBAa6', NULL, 'Slava212@ukr.net', 1, 1526974282, 1526974344, 2, 'Вячеслав', 'Володимирович', 'Зайцев', '066-267-69-63', 0),
(26, 'mast4', 'jb7wKGSF9B1w6PdK-SEr923eC_A7H7ZU', '$2y$13$wGV9mw897l02ZGezWy/wvu9wRvUclITrLAT0XYsUtrQFegfVUZ97W', NULL, 'cvitl2015@gmail.com', 1, 1526974742, 1526974894, 2, 'Світлана', 'Борисівна', 'Кас`янова', '095-786-95-03', 0),
(27, 'vukl1', '-G7SjcWFS0HSDpi1oJGVxdwqgBBA8Zpm', '$2y$13$t5aRwADtrtsg7.fpENVyqOfuqWLzZ8ApzUKk9ojYwgD96zGgrb0QW', NULL, 'osvita.wr@khcz.gov.ua', 1, 1526975216, 1526975270, 2, 'Роман', 'Анатолійович', 'Кір\'янов', '050-325-84-21', 0),
(28, 'mast5', 'JF4Z2EM6lFHQN1PgnpMCCodfN7lA6Sxa', '$2y$13$4vYZhfanuzjhOYCYrbL.n.qnAsHiZXHDvXcOY1lvk8KHK/ispqvAW', NULL, 'Jolka.k@ukr.net', 1, 1526975711, 1526975816, 2, 'Ольга', 'Володимирівна', 'Кісельова', '068-732-58-90', 0),
(29, 'mast6', 'ytFKkbX3Vq4sytVI6uIDeSgsROiiP_8B', '$2y$13$dmv7aTqfPCAfhs/6mPxb6.Ntu3AAX4Dhb4B4UOhqA9oXTCMDi8AFm', NULL, '6@6.com', 1, 1526975949, 1526976135, 2, 'В\'ячеслав', 'Олександрович', 'Коробка', '063-450-22-99', 0),
(30, 'vykl4', 'V-lnFkDAdxUmOQIken0vLGwSL2IEUTQ7', '$2y$13$oXKJmWg/aNOeM9F8gPlAwOCA6TTpVY62KsBUgLz3181oq/ZwI1m4S', NULL, 'olkokorobka921@gmail.com', 1, 1526976282, 1526976384, 2, 'Ольга', 'Олександрівна', 'Коробка', '063-638-', 0),
(31, 'mast7', 'De1Q7V6nZJHAviOw6NEUrcJkR6gDDvf3', '$2y$13$qAeNe/slzktLdseQpU.2LO5XWXCvck7D6iM9DWyzst/PM05sAxpM2', NULL, 'kudrya72@gmail.com', 1, 1526976597, 1526989128, 2, 'Олена', 'Володимирівна', 'Кудря', '096-765-33-82', 0),
(32, 'vykl5', 'ckwiCV3ZKyngEII-WChF_LkKXmOMUmvR', '$2y$13$n.SXu/j.XXNvool7y7I8yeDoKg8cr6P3Nd.xRe7bUsibTb4ZXjFUO', NULL, '5@5.com', 1, 1526977389, 1526977502, 2, 'Ігор', 'Дмитрович', 'Лісовик', '095-709-88-01', 0),
(33, 'mast8', 'az2ztfpttNRwy4VJNbk1yBxgPUbXqDgp', '$2y$13$iFunYjzXPT7GuxId4BSe5uDvbQkyY2mgJqBdcKVOko/hJZG9hmlLu', NULL, '8@8.gov.ua', 1, 1526980304, 1526980396, 2, 'Єлісей', 'Євгенійович', 'Лисенко', '099-054-12-89', 0),
(34, 'mast9', 'cTPcn0XInRabDlrNgp2mbTvE1G_qunL5', '$2y$13$Zep88OIDTcKCei2MSaxIeeav8RqLwwLBp2cl2UpuRNJFB40n5tNFm', NULL, '9@9.gov.ua', 1, 1526988322, 1526988384, 2, 'Євгеній', 'Богданович', 'Логвінюк', '097-030-20-70', 0),
(35, 'vykl6', 'YSDEs1RNM1vtco3a7MeLrRBeT2bYVuff', '$2y$13$x8IeDlhEmyDBYh7GFd43qOcVlD0RqiobK/i4szlREM5B0QtSBMhDG', NULL, '7@7.com', 1, 1526988909, 1526988963, 2, 'Марина', 'Варткесівна', 'Мартіросова', '097-992-31-54', 0),
(36, 'mast10', 'Wa39HZkXcpxp4QEbhR4dwFbovQP8bOOB', '$2y$13$AzBzYT0mn0pmj2zdtu7avumgultK5H8zd65vz8l1krXBOZxkD1rsq', NULL, '0665334983t@gmail.com', 1, 1526989544, 1526989592, 2, 'Тетяна', 'Анатоліївна', 'Михайлець', '066-533-49-83', 0),
(37, 'vykl8', 'AVsxRe6Gp5EX6SeOtUZQ-rp03jxBSeSd', '$2y$13$12iLkcVMlGKali.Y8PqwiOxsoCJAXSqJ5Ks4s3UnuONB0qpq6EXfm', NULL, 'babich@yipa.edu.ua', 1, 1526990438, 1526990497, 2, 'Тарас', 'Петрович', 'Бабич', '096-063-42-12', 0),
(38, 'vykl9', 'eSQPJ05Q5t1roDCRGSHnTYE0q3uLq0R0', '$2y$13$aj9QgySyzqfI9n3rCmxL/Onk3MlG2FtW2HvbCWAUxpmQoqD2/DSVi', NULL, 'nata_polis@ukr.net', 1, 1526990702, 1526990833, 2, 'Наталія', 'Олександрівна', 'Мандрієвська', '099-377-52-53', 0),
(39, 'vykl10', '7Y0eWg8bUm1eRs7Y1r00xVeDH1CyFlKc', '$2y$13$oP8mdt3N9j3Or6JXrJe0j.n0rjBOyh2UjZ4uybfJTF1lgdTXNJnj2', NULL, '10@10.com', 1, 1526991157, 1526991229, 2, 'Марина', 'Петрівна', 'Чумаченко', '066-982-96-36', 0),
(40, 'mast11', 'UqShGryheiCDgVMPDqEsF-aGEeVvzmIM', '$2y$13$k4LIaTMrcDcbxrTMKTsC9OKtPdpq3JToKp6zJoxeZDTcoE08XOkEe', NULL, '11@11.gov.ua', 1, 1526993873, 1527660392, 2, 'Дмитро', 'Геннадійович', 'Масалаб', '068-879-82-43', 0),
(41, 'vykl11', 'Ak5L3AUFuA3fMTU6F4xm5jnQMzdN-bDb', '$2y$13$ETEuI6erPpqtpT8r9vc7WeIJ6IPJKq8byNI59uwX6yuorvFfVYdJ.', NULL, 'tvsw07@bigmir.net', 1, 1526994091, 1526994206, 2, 'Тамара', 'Василівна', 'Мостіпан', '050-106-02-82', 0),
(42, 'vykl12', 'oTKY_8Zxwv5yLa-rrAAf8iZCh-14YLCI', '$2y$13$eCtNtCgojx6HMWvD7M/laO.TpXD/RXiThGeKu0ZLFUqhLr3HiBPm6', NULL, 'asarova.natalija@gmail.com', 1, 1526994409, 1526994453, 2, 'Наталія', 'Валеріївна', 'Мошенська', '066-48-45-897', 0),
(43, 'vykl13', 'IRqzFyoRRarU0ZYtHZjM3m_XNEMZYQZA', '$2y$13$hLrn/pTW0LDiHkED2CjqvOHp6Dxt4aHBTdfgAUc31Q/7jfcQQq3ke', NULL, '13@13.gov.ua', 1, 1526994531, 1526994622, 2, 'Сергій', 'Васильович', 'Нестеренко', '095-444-76-29', 0),
(44, 'mast12', 'TD1vH7UWS3aYAKumokNsvxlg6QqjkOCJ', '$2y$13$n8QfRVFqrK4r20usmvITvuqCZWbgpVBLuZfwwk/vl2/xSD0HhDOBe', NULL, '12@12.com', 1, 1526994791, 1526994845, 2, 'Володимир', 'Павлович', 'Овчаренко', '066-304-59-12', 0),
(45, 'mast13', 'RYLf9heWx9UhCNn6--5oPm1ItBWX3apn', '$2y$13$daQfoaLOzMeRcvAGy3BBfey/Y1f1TIG8zSE/5iGJxj4VejL61Jb3q', NULL, 'paniknit@gmail.com', 1, 1526994940, 1526995842, 2, 'Марина', 'Григорівна', 'Осіпова', '050-924-97-28', 0),
(46, 'vykl14', 'j07XnWqxkp-CeATHQI8qti6IpJS5FO69', '$2y$13$lHQc2TI8Ugccd217Er77YOq87K0DIDxLDhyvT8u/dU1WUXMlpSlK2', NULL, 'parshakovaolga54@gmail.com', 1, 1526995230, 1526995306, 2, 'Ольга', 'Миколаївна', 'Паршакова', '097-492-06-02', 0),
(47, 'vykl15', 'CDSUe2yWjW5XSKGIF3Cf5pHa0F2bAYvD', '$2y$13$ml9jR8/EJcf7SmH.C/RQk.bpLnAoqUdI8U8FVjAFrfNtTLJtYGhwO', NULL, 'rumshina5@mail.ru', 1, 1526995437, 1526995515, 2, 'Ольга', 'Геннадіївна', 'Петренко', '096-591-41-84', 0),
(48, 'mast15', 'ylWR-2V_HaN4cC-kTnbQQ7SyJmsdJBjN', '$2y$13$pEqhehiFW5.Z8As/XFhJweajXB9q7v2HIstj/VE.L.iH7HufEJOpe', NULL, '15@15.com', 1, 1526995648, 1526995720, 2, 'Ігор', 'Миколайович', 'Рибаков', '095-008-07-83', 0),
(49, 'vykl7', 'x09_vorjOmcDp4wXQkkft-FrQ3g8HvdP', '$2y$13$WaEQO4gA/JG4YH0y7bLyNujJ02YhJjdBl9RSzHp8pmb6E2kSIT23S', NULL, 'vykl7@7.com', 1, 1527055060, 1527055142, 2, 'Ольга', 'Вікторівна', 'Рибкіна', '066-042-86-81', 0),
(50, 'mast14', 'Gv9ZzFR8RPfsBwAF4KW35s3uR1guPaRT', '$2y$13$XU8LLgQni2MgF6pPILynqu5km/9FdDKBa5xr8M/uxvXCB9hKjnFki', NULL, 'el.ribalko@gmail.com', 1, 1527055824, 1527058359, 2, 'Олена', 'Анатоліївна', 'Рибалко', '099-326-26-70', 0),
(51, 'mast16', 'tcq3w4rBbQlaMk-KWk1RlQ9BcrjAjFUR', '$2y$13$Hwo.KFjW9jX/3ycafQVHYuv8zKSO/E0G7DbtGkR7HlCDBuuqJCSH6', NULL, '16@16.gov.ua', 1, 1527058179, 1527058240, 2, 'Микола', 'Іванович', 'Смольняков', '097-592-09-98', 0),
(52, 'mast17', 'Xh0bn4C9IWMBPV2lzNC-Pzy7qS_isuKa', '$2y$13$lR8qZJvj4RULv8g..3vPT.ZfwaHZIylEkj1OFDCkTOPxj2sXtw3R.', NULL, 'oksana.261410@gmail.com', 1, 1527058462, 1527058764, 2, 'Оксана', 'Юріївна', 'Сосницька', '063-249-09-15', 0),
(53, 'vykl16', 'hZpku8rJoXtZsgFesv_jk2QjmfwFYc_x', '$2y$13$nuefZ7hmvNIFE/KS3rWxz.sgqrikGyNTGxC9y.nmPHTUDB6URC24a', NULL, '16@16.com', 1, 1527058913, 1527058965, 2, 'Денис', 'Олександрович', 'Тесленко', '098-209-78-06', 0),
(54, 'mast18', 'NX-NVbwp5KZm5mWptKgO1zl60qO5SFjW', '$2y$13$4vY2ype/R4yrhr4p29tQR.kdPYZGL.axUHMTT0UIYJ5xLRES73Iaq', NULL, '18@18.gov.ua', 1, 1527059293, 1527059492, 2, 'Іван', 'Олександрович', 'Фащевський', '066-062-11-10', 0),
(55, 'vykl17', 'gCCI6fWRPlpzz7K7VRBlYMmSj35gLZxA', '$2y$13$Ocm47gw/jQycWqNAO.JRQ.nuaYImyNDaftjd.Zje2GplQsOcC3xyO', NULL, '17@17.com', 1, 1527060079, 1527060148, 2, 'Наталія', 'Іванівна', 'Федюк', '063-248-11-16', 0),
(56, 'vykl18', 'P3WFhHpGPBW1h3YJjZ0D04mlb6OQUyx4', '$2y$13$h4iHVyd1CdRUuEA4mm3KWemMmyxqF1UWrWEakLtXKWg3KarVvH/dW', NULL, 'valentinka7@yahoo.com', 1, 1527061646, 1527062117, 2, 'Валентина', 'Олександрівна', 'Чернявська', '050-167-47-33', 0),
(57, 'mast19', 'U2l6tzoxy1l_FS-lzyzKbuWVi0FV9aXZ', '$2y$13$HcqLOwPIvTOkrkcX70WqJuxQ6Bn2YVmkA/zvbt9/Qj0g/tGIhPsQC', NULL, '19@19.gov.ua', 1, 1527062407, 1527062462, 2, 'Галина', 'Петрівна', 'Якименко', '066-359-66-54', 0),
(58, 'mast20', 'v8BtCv1Kha_B4Um5-eyJ7rgZKPPZRclC', '$2y$13$b.itI2maqAT9Xfdhck2BJe7SA4to.QIxANAasa1NCIL784pDQVvAq', NULL, '20@20.com', 1, 1527062598, 1527062641, 2, 'Петро', 'Олександрович', 'Ямников', '050-636-12-51', 0),
(59, 'vykl19', 'NlrHNziJjBI1L4i19CoNcb63FTBMA8rl', '$2y$13$nWB1N6lsfeD8BuyvwxkAzu8dd/LqFDPj/AZnPcUtsSg0EYJMOJJh.', NULL, 'yaroshlp56@mail.ru', 1, 1527062742, 1527062785, 2, 'Любов', 'Петрівна', 'Ярош', '095-831-45-50', 0),
(60, 'vykl20', 'g783Y41-QBxJthewNytDNkkRuBvbT3kW', '$2y$13$EtoLSTSej0GAlD3im0U/veUK7vZMMypJmJwyt9fRV./mFVHFYuh.u', NULL, 'senenkoalena@gmail.com', 1, 1527062929, 1527062993, 2, 'Олена', 'Олександрівна', 'Сененко', '066-333-87-05', 0),
(61, 'vykl21', '_G20Kkmm-7-F4bcXO8swEJToTKRvzKPm', '$2y$13$Beqe3OUZX/pfnRggQJMuJ.f9lzsM6MSqOwYUMhKxGeekduZZq3FDO', NULL, '21@21.com', 1, 1527142453, 1527142546, 2, 'Карина', 'Анатоліївна', 'Зінченко', '063-173-41-63', 0),
(62, 'vykl22', 'EnRb6_YzD0LcT0iTD2708p0TmV5qWROC', '$2y$13$/pJ/Yrz19xXC4fxg7iYVRu6Ol2lWQ0f3N9yNPw9cC206rN9QziLh2', NULL, '20180524101047@testmail.ua', 1, 1527145848, 1527154061, 2, 'Поліна', 'Олесандрівна', 'Назаренко', '050-364-79-59', 0),
(63, 'vykl23', 'O-mzs5SbaVNILU2FRkxASsoKAmr0p5KQ', '$2y$13$McQ4VgO/CTBamDsaUS/EgOGV8DYbUFlK52/TD6UV.7VouafvYINWK', NULL, '20180524124943@testmail.ua', 1, 1527155384, 1527155639, 2, 'Катерина', 'Олександрівна', 'Кулик', '068-887-84-68', 0),
(64, 'mast21', 'tJACbxyQtt0AHhNONCBFkcxZsURKZWRu', '$2y$13$cEnFIMXzfQ0uteURgMoCle5zItzAJXgIiYsVUbKLtEvXq.Ksq7Byq', NULL, '20180529155827@testmail.ua', 1, 1527598708, 1527598755, 2, 'Володимир', 'Васильович', 'Бабаєв', '067-803-96-11', 0),
(65, 'mast22', 'gagKQ08TBV7UJ4VJZej5ZzjOz1pP3WDS', '$2y$13$JfA4NNXh4sc6jr36FzijAuz19qvVZVou1RAyaNFNA9Exvli7pXDSW', NULL, '20180530133258@testmail.ua', 1, 1527676379, 1527676421, 2, 'Яна', 'Володимирівна', 'Шаповал', '123456', 0),
(66, 'vyrobnytstvo', '1VwVRMMnRGrtySoGeykGKTo6S-m8E58W', '$2y$13$5S8Xgwz2YcVLssbUdhTiIuHYm0auR5J6KRuw0Nd2csGEpXSiijHdi', NULL, '20180531102354@testmail.ua', 1, 1527751434, 1528265440, 2, 'виробничої', 'практики', 'Керівник', '000-00-00-000', 0),
(67, 'vykl24', 'y3HZ9iBxTyvA9VVKajQ7rTpDL3RX0wIR', '$2y$13$QGbKdu2rmmP0s.9yJQXjqu7wDBYBGBWXCiKacPw9NNdDpd4nskoky', NULL, '20180613113417@testmail.ua', 1, 1528889658, 1528889770, 2, 'кваліфікаційна', 'комісія', 'Державна', '000-00-00-000', 0),
(68, 'admin2', 'gWUnDTe_kbhULjKExrOatOsKArmj8qRJ', '$2y$13$7ScwRgAyWTg2AsmKNFF0hefFAATPhiR1pKrHUmW.vtMn5qPiFzL9m', NULL, 'admin2@mail.net', 1, 1531139533, 1531139533, 1, '', '', '', '', 0);

--
-- Индексы сохранённых таблиц
--

--
-- Индексы таблицы `audience`
--
ALTER TABLE `audience`
  ADD PRIMARY KEY (`ID`),
  ADD KEY `corps_id` (`corps_id`);

--
-- Индексы таблицы `corps`
--
ALTER TABLE `corps`
  ADD PRIMARY KEY (`ID`),
  ADD KEY `ID` (`ID`);

--
-- Индексы таблицы `count_lecture`
--
ALTER TABLE `count_lecture`
  ADD PRIMARY KEY (`id`),
  ADD UNIQUE KEY `user_info_unique_index` (`subject_id`,`group_id`),
  ADD KEY `subject_id` (`subject_id`),
  ADD KEY `group_id` (`group_id`);

--
-- Индексы таблицы `courses`
--
ALTER TABLE `courses`
  ADD PRIMARY KEY (`ID`);

--
-- Индексы таблицы `degree`
--
ALTER TABLE `degree`
  ADD PRIMARY KEY (`ID`);

--
-- Индексы таблицы `groups`
--
ALTER TABLE `groups`
  ADD PRIMARY KEY (`ID`),
  ADD KEY `groups_FK1` (`curator`),
  ADD KEY `groups_FK3` (`course`);

--
-- Индексы таблицы `lecture_table`
--
ALTER TABLE `lecture_table`
  ADD PRIMARY KEY (`ID`),
  ADD KEY `corps_id` (`corps_id`);

--
-- Индексы таблицы `lessons`
--
ALTER TABLE `lessons`
  ADD PRIMARY KEY (`ID`);

--
-- Индексы таблицы `migration`
--
ALTER TABLE `migration`
  ADD PRIMARY KEY (`version`);

--
-- Индексы таблицы `modules`
--
ALTER TABLE `modules`
  ADD PRIMARY KEY (`ID`);

--
-- Индексы таблицы `nakaz`
--
ALTER TABLE `nakaz`
  ADD PRIMARY KEY (`ID`);

--
-- Индексы таблицы `practice`
--
ALTER TABLE `practice`
  ADD PRIMARY KEY (`ID`),
  ADD KEY `master_id` (`master_id`),
  ADD KEY `audience_id` (`audience_id`);

--
-- Индексы таблицы `practice_lessons`
--
ALTER TABLE `practice_lessons`
  ADD PRIMARY KEY (`ID`);

--
-- Индексы таблицы `rank`
--
ALTER TABLE `rank`
  ADD PRIMARY KEY (`ID`);

--
-- Индексы таблицы `rnps`
--
ALTER TABLE `rnps`
  ADD PRIMARY KEY (`ID`) USING BTREE;

--
-- Индексы таблицы `rnp_subjects`
--
ALTER TABLE `rnp_subjects`
  ADD PRIMARY KEY (`ID`);

--
-- Индексы таблицы `skill`
--
ALTER TABLE `skill`
  ADD PRIMARY KEY (`ID`);

--
-- Индексы таблицы `student_meta`
--
ALTER TABLE `student_meta`
  ADD PRIMARY KEY (`id`),
  ADD KEY `group_id` (`group_id`),
  ADD KEY `user_id` (`user_id`),
  ADD KEY `user_id_2` (`user_id`);

--
-- Индексы таблицы `subjects`
--
ALTER TABLE `subjects`
  ADD PRIMARY KEY (`ID`),
  ADD KEY `teacher_id` (`teacher_id`),
  ADD KEY `lecture_id` (`audience_id`);

--
-- Индексы таблицы `teacher_meta`
--
ALTER TABLE `teacher_meta`
  ADD PRIMARY KEY (`id`),
  ADD KEY `teacher_meta_FK1` (`user_id`),
  ADD KEY `rank_id` (`rank_id`),
  ADD KEY `degree_id` (`degree_id`,`skill_id`),
  ADD KEY `degree_id_2` (`degree_id`),
  ADD KEY `teacher_meta_FK4` (`skill_id`);

--
-- Индексы таблицы `timetable`
--
ALTER TABLE `timetable`
  ADD PRIMARY KEY (`id`),
  ADD KEY `corps_id` (`corps_id`),
  ADD KEY `audience_id` (`audience_id`),
  ADD KEY `subjects_id` (`subjects_id`),
  ADD KEY `teacher_id` (`teacher_id`),
  ADD KEY `group_id` (`group_id`),
  ADD KEY `lecture_id` (`lecture_id`),
  ADD KEY `part_id` (`part_id`),
  ADD KEY `part_id_2` (`part_id`);

--
-- Индексы таблицы `timetable_parts`
--
ALTER TABLE `timetable_parts`
  ADD PRIMARY KEY (`id`);

--
-- Индексы таблицы `user`
--
ALTER TABLE `user`
  ADD PRIMARY KEY (`id`),
  ADD UNIQUE KEY `username` (`username`),
  ADD UNIQUE KEY `email` (`email`),
  ADD UNIQUE KEY `password_reset_token` (`password_reset_token`);

--
-- AUTO_INCREMENT для сохранённых таблиц
--

--
-- AUTO_INCREMENT для таблицы `audience`
--
ALTER TABLE `audience`
  MODIFY `ID` int(11) NOT NULL AUTO_INCREMENT, AUTO_INCREMENT=57;

--
-- AUTO_INCREMENT для таблицы `corps`
--
ALTER TABLE `corps`
  MODIFY `ID` int(11) NOT NULL AUTO_INCREMENT, AUTO_INCREMENT=18;

--
-- AUTO_INCREMENT для таблицы `count_lecture`
--
ALTER TABLE `count_lecture`
  MODIFY `id` int(11) NOT NULL AUTO_INCREMENT;

--
-- AUTO_INCREMENT для таблицы `courses`
--
ALTER TABLE `courses`
  MODIFY `ID` int(11) NOT NULL AUTO_INCREMENT, AUTO_INCREMENT=208;

--
-- AUTO_INCREMENT для таблицы `degree`
--
ALTER TABLE `degree`
  MODIFY `ID` int(11) NOT NULL AUTO_INCREMENT, AUTO_INCREMENT=8;

--
-- AUTO_INCREMENT для таблицы `groups`
--
ALTER TABLE `groups`
  MODIFY `ID` int(11) NOT NULL AUTO_INCREMENT, AUTO_INCREMENT=50;

--
-- AUTO_INCREMENT для таблицы `lecture_table`
--
ALTER TABLE `lecture_table`
  MODIFY `ID` int(11) NOT NULL AUTO_INCREMENT, AUTO_INCREMENT=70;

--
-- AUTO_INCREMENT для таблицы `lessons`
--
ALTER TABLE `lessons`
  MODIFY `ID` int(11) NOT NULL AUTO_INCREMENT, AUTO_INCREMENT=437;

--
-- AUTO_INCREMENT для таблицы `modules`
--
ALTER TABLE `modules`
  MODIFY `ID` int(11) NOT NULL AUTO_INCREMENT, AUTO_INCREMENT=23;

--
-- AUTO_INCREMENT для таблицы `nakaz`
--
ALTER TABLE `nakaz`
  MODIFY `ID` int(11) NOT NULL AUTO_INCREMENT, AUTO_INCREMENT=24;

--
-- AUTO_INCREMENT для таблицы `practice`
--
ALTER TABLE `practice`
  MODIFY `ID` int(11) NOT NULL AUTO_INCREMENT;

--
-- AUTO_INCREMENT для таблицы `practice_lessons`
--
ALTER TABLE `practice_lessons`
  MODIFY `ID` int(11) NOT NULL AUTO_INCREMENT;

--
-- AUTO_INCREMENT для таблицы `rank`
--
ALTER TABLE `rank`
  MODIFY `ID` int(11) NOT NULL AUTO_INCREMENT, AUTO_INCREMENT=14;

--
-- AUTO_INCREMENT для таблицы `rnps`
--
ALTER TABLE `rnps`
  MODIFY `ID` int(11) NOT NULL AUTO_INCREMENT, AUTO_INCREMENT=4;

--
-- AUTO_INCREMENT для таблицы `rnp_subjects`
--
ALTER TABLE `rnp_subjects`
  MODIFY `ID` int(11) NOT NULL AUTO_INCREMENT, AUTO_INCREMENT=9;

--
-- AUTO_INCREMENT для таблицы `skill`
--
ALTER TABLE `skill`
  MODIFY `ID` int(11) NOT NULL AUTO_INCREMENT, AUTO_INCREMENT=11;

--
-- AUTO_INCREMENT для таблицы `student_meta`
--
ALTER TABLE `student_meta`
  MODIFY `id` int(11) NOT NULL AUTO_INCREMENT, AUTO_INCREMENT=6;

--
-- AUTO_INCREMENT для таблицы `subjects`
--
ALTER TABLE `subjects`
  MODIFY `ID` int(11) NOT NULL AUTO_INCREMENT, AUTO_INCREMENT=196;

--
-- AUTO_INCREMENT для таблицы `teacher_meta`
--
ALTER TABLE `teacher_meta`
  MODIFY `id` int(11) NOT NULL AUTO_INCREMENT, AUTO_INCREMENT=58;

--
-- AUTO_INCREMENT для таблицы `timetable`
--
ALTER TABLE `timetable`
  MODIFY `id` int(11) NOT NULL AUTO_INCREMENT, AUTO_INCREMENT=305;

--
-- AUTO_INCREMENT для таблицы `timetable_parts`
--
ALTER TABLE `timetable_parts`
  MODIFY `id` int(11) NOT NULL AUTO_INCREMENT, AUTO_INCREMENT=5;

--
-- AUTO_INCREMENT для таблицы `user`
--
ALTER TABLE `user`
  MODIFY `id` int(11) NOT NULL AUTO_INCREMENT, AUTO_INCREMENT=69;

--
-- Ограничения внешнего ключа сохраненных таблиц
--

--
-- Ограничения внешнего ключа таблицы `audience`
--
ALTER TABLE `audience`
  ADD CONSTRAINT `table_relation_ar1` FOREIGN KEY (`corps_id`) REFERENCES `corps` (`ID`);

--
-- Ограничения внешнего ключа таблицы `count_lecture`
--
ALTER TABLE `count_lecture`
  ADD CONSTRAINT `lecture_count_FK1` FOREIGN KEY (`subject_id`) REFERENCES `subjects` (`ID`),
  ADD CONSTRAINT `lecture_count_FK2` FOREIGN KEY (`group_id`) REFERENCES `groups` (`ID`);

--
-- Ограничения внешнего ключа таблицы `groups`
--
ALTER TABLE `groups`
  ADD CONSTRAINT `groups_FK1` FOREIGN KEY (`curator`) REFERENCES `user` (`id`),
  ADD CONSTRAINT `groups_FK3` FOREIGN KEY (`course`) REFERENCES `courses` (`ID`);

--
-- Ограничения внешнего ключа таблицы `lecture_table`
--
ALTER TABLE `lecture_table`
  ADD CONSTRAINT `table_relation_ltr1` FOREIGN KEY (`corps_id`) REFERENCES `corps` (`ID`);

--
-- Ограничения внешнего ключа таблицы `practice`
--
ALTER TABLE `practice`
  ADD CONSTRAINT `practice_FK1` FOREIGN KEY (`master_id`) REFERENCES `user` (`id`),
  ADD CONSTRAINT `practice_FK2` FOREIGN KEY (`audience_id`) REFERENCES `audience` (`ID`);

--
-- Ограничения внешнего ключа таблицы `student_meta`
--
ALTER TABLE `student_meta`
  ADD CONSTRAINT `student_meta_FK1` FOREIGN KEY (`group_id`) REFERENCES `groups` (`ID`),
  ADD CONSTRAINT `student_meta_FK2` FOREIGN KEY (`user_id`) REFERENCES `user` (`id`);

--
-- Ограничения внешнего ключа таблицы `subjects`
--
ALTER TABLE `subjects`
  ADD CONSTRAINT `subject_FK1` FOREIGN KEY (`teacher_id`) REFERENCES `user` (`id`),
  ADD CONSTRAINT `subject_FK2` FOREIGN KEY (`audience_id`) REFERENCES `audience` (`ID`);

--
-- Ограничения внешнего ключа таблицы `teacher_meta`
--
ALTER TABLE `teacher_meta`
  ADD CONSTRAINT `teacher_meta_FK1` FOREIGN KEY (`user_id`) REFERENCES `user` (`id`),
  ADD CONSTRAINT `teacher_meta_FK2` FOREIGN KEY (`rank_id`) REFERENCES `rank` (`ID`),
  ADD CONSTRAINT `teacher_meta_FK3` FOREIGN KEY (`degree_id`) REFERENCES `degree` (`ID`),
  ADD CONSTRAINT `teacher_meta_FK4` FOREIGN KEY (`skill_id`) REFERENCES `skill` (`ID`);

--
-- Ограничения внешнего ключа таблицы `timetable`
--
ALTER TABLE `timetable`
  ADD CONSTRAINT `schelude_FK1` FOREIGN KEY (`corps_id`) REFERENCES `corps` (`ID`),
  ADD CONSTRAINT `schelude_FK2` FOREIGN KEY (`audience_id`) REFERENCES `audience` (`ID`),
  ADD CONSTRAINT `schelude_FK3` FOREIGN KEY (`subjects_id`) REFERENCES `subjects` (`ID`),
  ADD CONSTRAINT `schelude_FK4` FOREIGN KEY (`teacher_id`) REFERENCES `user` (`id`),
  ADD CONSTRAINT `schelude_FK5` FOREIGN KEY (`group_id`) REFERENCES `groups` (`ID`),
  ADD CONSTRAINT `schelude_FK6` FOREIGN KEY (`lecture_id`) REFERENCES `lecture_table` (`ID`),
  ADD CONSTRAINT `schelude_FK7` FOREIGN KEY (`corps_id`) REFERENCES `corps` (`ID`),
  ADD CONSTRAINT `schelude_FK8` FOREIGN KEY (`part_id`) REFERENCES `timetable_parts` (`id`);
COMMIT;

/*!40101 SET CHARACTER_SET_CLIENT=@OLD_CHARACTER_SET_CLIENT */;
/*!40101 SET CHARACTER_SET_RESULTS=@OLD_CHARACTER_SET_RESULTS */;
/*!40101 SET COLLATION_CONNECTION=@OLD_COLLATION_CONNECTION */;
